GIORNO,Ora solare,VV (m/s),VVmax (m/s),DV (GN),Taria (Â°C),Um (%),Rs (W/m2)
11/10/19,01:00:00 AM,4.1,5.1,17,15,91,
11/10/19,02:00:00 AM,4.3,5.5,22,14.7,89,0
11/10/19,03:00:00 AM,3.9,4.7,15,14.7,85,0
11/10/19,04:00:00 AM,3.7,5,4,14.2,84,
11/10/19,05:00:00 AM,3.3,5,45,14.1,84,0
11/10/19,06:00:00 AM,4.3,6.1,31,14.1,84,
11/10/19,07:00:00 AM,4,5.3,13,14.2,83,85
11/10/19,08:00:00 AM,5.4,6.8,21,15,79,267
11/10/19,09:00:00 AM,4.4,5.3,14,16.2,74,431
11/10/19,10:00:00 AM,4.3,5.4,27,17.1,66,563
11/10/19,11:00:00 AM,3.4,4.3,25,18,63,635
11/10/19,12:00:00 PM,2,2.4,37,19.2,54,647
11/10/19,01:00:00 PM,1.3,2.1,46,20.8,49,597
11/10/19,02:00:00 PM,1.8,2.5,121,19.4,57,499
11/10/19,03:00:00 PM,2.4,2.8,172,18.9,64,351
11/10/19,04:00:00 PM,2.9,3.2,157,18.7,66,173
11/10/19,05:00:00 PM,2.9,3.1,162,18.9,67,29
11/10/19,06:00:00 PM,2.5,3,178,18.4,75,
11/10/19,07:00:00 PM,1.9,2.4,198,18,78,
11/10/19,08:00:00 PM,1.9,2.2,208,17.7,83,
11/10/19,09:00:00 PM,2.1,3.1,228,17.5,82,
11/10/19,10:00:00 PM,1.9,3.5,249,17.1,87,
11/10/19,11:00:00 PM,2,3.2,252,16.6,88,0
12/10/19,12:00:00 AM,1.3,1.8,271,16.2,87,
12/10/19,01:00:00 AM,1.3,1.7,306,15.7,84,
12/10/19,02:00:00 AM,1.5,2,356,15,88,0
12/10/19,03:00:00 AM,1.5,1.8,356,14.5,89,
12/10/19,04:00:00 AM,2.2,2.4,6,13.3,94,0
12/10/19,05:00:00 AM,2.6,3,17,11.4,97,1
12/10/19,06:00:00 AM,2.4,3.1,4,11.2,100,0
12/10/19,07:00:00 AM,2.6,3.2,352,11.7,100,28
12/10/19,08:00:00 AM,3,3.5,18,11.9,100,135
12/10/19,09:00:00 AM,2.5,3.1,14,12.5,100,191
12/10/19,10:00:00 AM,2.4,3.2,13,13.4,100,221
12/10/19,11:00:00 AM,3.5,3.9,20,14.3,100,383
12/10/19,12:00:00 PM,1.4,1.8,40,17.2,96,450
12/10/19,01:00:00 PM,1.2,1.8,164,17.1,86,481
12/10/19,02:00:00 PM,2.2,2.5,173,17.6,81,456
12/10/19,03:00:00 PM,3.2,3.6,166,17.4,85,334
12/10/19,04:00:00 PM,3.6,4,164,17.6,85,138
12/10/19,05:00:00 PM,3.4,3.9,166,17.9,81,43
12/10/19,06:00:00 PM,2.9,3.3,169,17.9,82,
12/10/19,07:00:00 PM,2,2.3,165,18,84,
12/10/19,08:00:00 PM,2.3,2.9,193,17.9,84,0
12/10/19,09:00:00 PM,2.1,2.5,209,17.9,84,0
12/10/19,10:00:00 PM,1.9,2.4,208,17.7,86,0
12/10/19,11:00:00 PM,1.2,1.8,243,17.4,89,0
13/10/19,12:00:00 AM,1.8,2.8,250,16.8,92,0
13/10/19,01:00:00 AM,2.3,2.9,274,16.1,94,0
13/10/19,02:00:00 AM,2.1,2.6,262,15.9,96,
13/10/19,03:00:00 AM,1.6,2.5,288,15.9,95,
13/10/19,04:00:00 AM,2.1,3,357,15.3,94,0
13/10/19,05:00:00 AM,0.8,1.1,357,14.5,97,0
13/10/19,06:00:00 AM,0.9,1.1,7,14.8,96,0
13/10/19,07:00:00 AM,0,0,,15.3,93,48
13/10/19,08:00:00 AM,0.6,1,332,15.3,95,125
13/10/19,09:00:00 AM,0.3,0.6,68,18.1,83,314
13/10/19,10:00:00 AM,1.3,1.7,171,17,83,367
13/10/19,11:00:00 AM,1.3,1.7,188,17.3,82,344
13/10/19,12:00:00 PM,1.5,1.8,197,17.5,81,402
13/10/19,01:00:00 PM,2.2,2.4,172,18,79,572
13/10/19,02:00:00 PM,1.7,2.1,140,18.2,83,445
13/10/19,03:00:00 PM,2.6,3,130,18,84,291
13/10/19,04:00:00 PM,2.1,2.5,146,18.2,84,140
13/10/19,05:00:00 PM,2.5,3.1,145,18.1,86,17
13/10/19,06:00:00 PM,2.3,2.5,149,18.2,84,0
13/10/19,07:00:00 PM,1.6,1.9,155,18.2,85,0
13/10/19,08:00:00 PM,1.3,1.5,169,18.2,87,
13/10/19,09:00:00 PM,2.1,2.4,190,18.2,88,0
13/10/19,10:00:00 PM,2.1,2.8,209,17.8,91,0
13/10/19,11:00:00 PM,1.7,2.7,220,17.4,93,
14/10/19,12:00:00 AM,1.4,3,227,17.1,94,
14/10/19,01:00:00 AM,1.4,1.9,261,16.9,96,0
14/10/19,02:00:00 AM,1.1,1.5,274,16.4,97,0
14/10/19,03:00:00 AM,0.6,1.1,289,16.2,96,0
14/10/19,04:00:00 AM,0.3,0.4,349,16,96,0
14/10/19,05:00:00 AM,0.5,0.7,3,15.9,96,0
14/10/19,06:00:00 AM,0.7,0.9,341,15.9,97,0
14/10/19,07:00:00 AM,1.6,2.1,14,15.1,98,34
14/10/19,08:00:00 AM,0.7,1.1,7,15,100,73
14/10/19,09:00:00 AM,1.3,1.6,12,14.7,100,226
14/10/19,10:00:00 AM,0.9,1.2,45,15.7,100,244
14/10/19,11:00:00 AM,0.5,0.8,63,17.2,97,339
14/10/19,12:00:00 PM,1.1,1.4,175,18,86,409
14/10/19,01:00:00 PM,1.1,1.6,155,18.1,85,231
14/10/19,02:00:00 PM,3.1,3.5,126,18.2,82,214
14/10/19,03:00:00 PM,2.7,3,128,18.3,81,271
14/10/19,04:00:00 PM,2.9,3.3,127,18.1,86,97
14/10/19,05:00:00 PM,3.9,4.3,159,18.1,91,11
14/10/19,06:00:00 PM,3.7,4.5,145,18.3,89,0
14/10/19,07:00:00 PM,2.6,3,150,18.3,88,0
14/10/19,08:00:00 PM,2.7,3.1,174,18.4,87,
14/10/19,09:00:00 PM,2,2.3,171,18.5,90,
14/10/19,10:00:00 PM,2.7,3,178,18.4,91,0
14/10/19,11:00:00 PM,1.7,2.2,9,17.4,94,0
15/10/19,12:00:00 AM,2.1,2.5,23,17,98,0
15/10/19,01:00:00 AM,2.9,3.4,24,17.1,97,0
15/10/19,02:00:00 AM,2.6,3.2,24,17.1,99,0
15/10/19,03:00:00 AM,3.3,3.9,26,16.9,98,0
15/10/19,04:00:00 AM,2.4,2.9,45,17,97,0
15/10/19,05:00:00 AM,2.4,2.8,39,16.8,98,0
15/10/19,06:00:00 AM,2.6,3.5,54,16.8,97,0
15/10/19,07:00:00 AM,3.4,4.2,32,17.1,96,5
15/10/19,08:00:00 AM,4.1,5,43,17.1,95,24
15/10/19,09:00:00 AM,4.3,5.3,35,17.1,95,77
15/10/19,10:00:00 AM,3.9,5,40,17.8,97,395
15/10/19,11:00:00 AM,4.7,6.4,31,17.8,94,142
15/10/19,12:00:00 PM,4.7,5.8,47,18.4,95,154
15/10/19,01:00:00 PM,5.3,6.3,129,19.9,89,530
15/10/19,02:00:00 PM,5.8,7.4,125,19.7,90,185
15/10/19,03:00:00 PM,4.9,5.9,124,19.6,92,140
15/10/19,04:00:00 PM,5.8,7.3,138,19.7,92,30
15/10/19,05:00:00 PM,8.2,11.5,142,19.5,93,10
15/10/19,06:00:00 PM,10.8,13.2,147,19.6,91,0
15/10/19,07:00:00 PM,10.1,12.2,143,19.7,91,0
15/10/19,08:00:00 PM,12.2,13.9,159,19.6,91,0
15/10/19,09:00:00 PM,1.2,1.8,201,17.8,87,0
15/10/19,10:00:00 PM,1.1,1.6,136,18.3,89,
15/10/19,11:00:00 PM,1.2,1.6,346,17.8,91,0
16/10/19,12:00:00 AM,0.6,1.2,43,17.8,92,0
16/10/19,01:00:00 AM,2.7,3.7,201,18.4,91,
16/10/19,02:00:00 AM,3.1,5.4,216,17.9,84,0
16/10/19,03:00:00 AM,3.7,5.6,252,16.5,89,0
16/10/19,04:00:00 AM,2.7,4.8,246,16.3,92,
16/10/19,05:00:00 AM,2.4,4.3,248,15.5,88,0
16/10/19,06:00:00 AM,2.6,4.6,231,16.2,82,
16/10/19,07:00:00 AM,3.1,5,249,15.8,81,63
16/10/19,08:00:00 AM,3.2,5.2,272,15.3,83,240
16/10/19,09:00:00 AM,1.8,2.6,286,16.8,81,398
16/10/19,10:00:00 AM,2.1,2.9,267,17.4,81,523
16/10/19,11:00:00 AM,2,3.4,246,17.6,87,588
16/10/19,12:00:00 PM,2.3,2.9,191,17.4,87,613
16/10/19,01:00:00 PM,3.1,3.6,186,17.6,84,573
16/10/19,02:00:00 PM,2.9,3.7,196,17.8,83,243
16/10/19,03:00:00 PM,2.8,3.2,175,18.6,81,325
16/10/19,04:00:00 PM,1.5,2,195,19,78,143
16/10/19,05:00:00 PM,2.5,2.8,188,18.8,79,22
16/10/19,06:00:00 PM,2.9,3.5,164,18.7,82,
16/10/19,07:00:00 PM,1.1,1.1,194,18.4,81,
16/10/19,08:00:00 PM,0.5,0.7,159,18.1,85,
16/10/19,09:00:00 PM,0,0,,17.9,89,
16/10/19,10:00:00 PM,1.6,1.9,218,17.7,92,
16/10/19,11:00:00 PM,1.7,2.5,253,17,89,
17/10/19,12:00:00 AM,1.7,2.3,336,16.5,92,0
17/10/19,01:00:00 AM,1.7,2.3,356,15.7,95,
17/10/19,02:00:00 AM,1.7,2.1,2,15,97,
17/10/19,03:00:00 AM,3.6,4.2,23,14.8,98,0
17/10/19,04:00:00 AM,1.5,2,4,14.8,99,0
17/10/19,05:00:00 AM,1.9,2.5,336,13.8,99,0
17/10/19,06:00:00 AM,3.3,4.4,350,13.4,100,
17/10/19,07:00:00 AM,2.5,3.6,359,13.4,100,39
17/10/19,08:00:00 AM,2,3.1,5,14.3,100,91
17/10/19,09:00:00 AM,1.1,1.5,3,14.8,100,330
17/10/19,10:00:00 AM,0.9,1.3,342,17.6,92,486
17/10/19,11:00:00 AM,1.1,1.6,29,18.7,83,301
17/10/19,12:00:00 PM,1.4,1.7,184,17.5,89,600
17/10/19,01:00:00 PM,2,2.4,188,18.2,83,553
17/10/19,02:00:00 PM,2.2,2.5,187,18.4,79,432
17/10/19,03:00:00 PM,2.5,2.7,164,18.2,84,308
17/10/19,04:00:00 PM,2.5,3.1,163,18.1,84,116
17/10/19,05:00:00 PM,3.4,3.9,182,18.3,86,17
17/10/19,06:00:00 PM,2.3,2.7,169,18.5,86,
17/10/19,07:00:00 PM,3.4,4,181,18.4,87,
17/10/19,08:00:00 PM,4,5.1,193,18.4,86,0
17/10/19,09:00:00 PM,2.2,3.7,204,18.2,86,0
17/10/19,10:00:00 PM,1.4,2.6,234,18.4,84,0
17/10/19,11:00:00 PM,2.1,3.3,246,18.2,82,0
18/10/19,12:00:00 AM,1.6,2.8,251,18,83,0
18/10/19,01:00:00 AM,1.5,2.3,243,17.6,84,0
18/10/19,02:00:00 AM,2.4,3.4,260,17.6,81,0
18/10/19,03:00:00 AM,1.6,2.5,257,17.5,82,0
18/10/19,04:00:00 AM,0.8,1.2,265,17.1,85,0
18/10/19,05:00:00 AM,1,1.5,263,16.6,86,0
18/10/19,06:00:00 AM,1.1,1.4,261,16.1,89,
18/10/19,07:00:00 AM,1.3,1.6,239,16.3,90,59
18/10/19,08:00:00 AM,2.4,3.8,268,16.1,90,52
18/10/19,09:00:00 AM,1.4,2.3,277,16.1,91,87
18/10/19,10:00:00 AM,1.2,2.1,259,16.3,89,140
18/10/19,11:00:00 AM,1.4,1.8,271,17.2,85,286
18/10/19,12:00:00 PM,2.1,3.1,205,17.3,84,331
18/10/19,01:00:00 PM,2.3,3.2,204,17.8,85,247
18/10/19,02:00:00 PM,3.3,3.8,189,18.9,80,323
18/10/19,03:00:00 PM,1.8,3.7,240,19.5,70,153
18/10/19,04:00:00 PM,2.4,4.5,244,19.2,71,90
18/10/19,05:00:00 PM,1.7,2.9,244,18.9,74,13
18/10/19,06:00:00 PM,1.6,2.2,248,18.7,76,0
18/10/19,07:00:00 PM,0.8,1.3,264,18.5,77,0
18/10/19,08:00:00 PM,1.3,1.5,203,18.2,79,
18/10/19,09:00:00 PM,4.5,5.2,190,18.3,84,
18/10/19,10:00:00 PM,2.5,3.5,205,18,82,0
18/10/19,11:00:00 PM,1.4,2,245,17.8,84,0
19/10/19,12:00:00 AM,1.2,2.2,244,17.8,84,0
19/10/19,01:00:00 AM,0.8,1,303,17.6,84,0
19/10/19,02:00:00 AM,1.1,1.3,64,17.3,89,0
19/10/19,03:00:00 AM,3,3.7,359,16.8,89,0
19/10/19,04:00:00 AM,2.1,2.4,45,16.7,89,0
19/10/19,05:00:00 AM,3,3.7,38,16.9,92,0
19/10/19,06:00:00 AM,3,3.8,41,16.6,95,
19/10/19,07:00:00 AM,3.5,4.1,20,16.2,96,35
19/10/19,08:00:00 AM,3.8,4.5,34,16.5,94,127
19/10/19,09:00:00 AM,2.7,3.1,44,18.1,88,420
19/10/19,10:00:00 AM,2.9,3.7,25,18.7,87,238
19/10/19,11:00:00 AM,2.2,2.6,15,19.7,83,476
19/10/19,12:00:00 PM,2.1,3.2,67,20.1,76,345
19/10/19,01:00:00 PM,2.6,3.3,123,19.7,81,645
19/10/19,02:00:00 PM,3.6,4.5,119,19.3,87,200
19/10/19,03:00:00 PM,2.5,3.4,110,19.4,86,83
19/10/19,04:00:00 PM,2.8,3.5,118,19.4,85,112
19/10/19,05:00:00 PM,3.4,4.1,138,19.4,85,13
19/10/19,06:00:00 PM,2.7,3,134,19.4,85,0
19/10/19,07:00:00 PM,1.2,1.4,91,19.1,88,0
19/10/19,08:00:00 PM,0.9,1.2,35,18.6,92,0
19/10/19,09:00:00 PM,1.3,1.6,90,18.9,94,0
19/10/19,10:00:00 PM,2.8,3.3,34,18.4,96,0
19/10/19,11:00:00 PM,2.4,3,57,18.4,97,0
20/10/19,12:00:00 AM,4.1,4.8,22,17.4,98,
20/10/19,01:00:00 AM,3.7,4.7,26,17.4,99,0
20/10/19,02:00:00 AM,3.7,4.3,21,17,99,
20/10/19,03:00:00 AM,2.8,3.4,28,17,100,0
20/10/19,04:00:00 AM,2.8,3.4,22,16.9,100,0
20/10/19,05:00:00 AM,2.5,3.2,22,16.7,100,0
20/10/19,06:00:00 AM,2.2,2.6,1,16,100,0
20/10/19,07:00:00 AM,2.1,2.4,11,15.9,100,23
20/10/19,08:00:00 AM,2.5,2.9,9,15.8,100,160
20/10/19,09:00:00 AM,2.4,3.3,39,16.1,100,192
20/10/19,10:00:00 AM,3.3,3.7,15,16.7,100,330
20/10/19,11:00:00 AM,2.2,2.6,20,19.6,100,576
20/10/19,12:00:00 PM,3.1,3.9,119,19.9,85,569
20/10/19,01:00:00 PM,3.9,5.4,123,19.7,86,497
20/10/19,02:00:00 PM,5.1,6.5,120,19.6,83,432
20/10/19,03:00:00 PM,5.6,6.4,129,19.6,78,286
20/10/19,04:00:00 PM,4.3,5.2,130,19.3,82,59
20/10/19,05:00:00 PM,3,3.7,124,19.2,83,8
20/10/19,06:00:00 PM,4.1,4.7,132,19.4,80,0
20/10/19,07:00:00 PM,2.9,3.3,144,19.3,81,0
20/10/19,08:00:00 PM,2.5,3.1,95,19.3,84,0
20/10/19,09:00:00 PM,3,3.6,34,18.9,88,0
20/10/19,10:00:00 PM,3.8,4.8,27,18.1,94,0
20/10/19,11:00:00 PM,4.8,5.7,33,18.1,95,0
21/10/19,12:00:00 AM,4.2,5.4,38,18,96,0
21/10/19,01:00:00 AM,4,5,42,18.2,97,0
21/10/19,02:00:00 AM,5.1,6.1,24,17.8,97,1
21/10/19,03:00:00 AM,4.5,6.2,38,18,98,0
21/10/19,04:00:00 AM,4.3,5.6,51,18.1,99,0
21/10/19,05:00:00 AM,3.5,4.8,32,18.3,99,0
21/10/19,06:00:00 AM,4.5,5.6,50,18.4,99,0
21/10/19,07:00:00 AM,5.2,6.3,39,18.5,99,8
21/10/19,08:00:00 AM,3.9,5.2,63,19.2,98,163
21/10/19,09:00:00 AM,3.3,4,110,20.1,93,142
21/10/19,10:00:00 AM,4,5,113,20,93,248
21/10/19,11:00:00 AM,4.6,5.5,120,20.1,92,512
21/10/19,12:00:00 PM,4.6,5.3,119,20.1,91,311
21/10/19,01:00:00 PM,3.1,4.5,120,20.2,90,225
21/10/19,02:00:00 PM,3.6,4.4,121,20.3,89,275
21/10/19,03:00:00 PM,3.2,4.4,99,20.4,87,121
21/10/19,04:00:00 PM,3,3.9,82,20.6,87,136
21/10/19,05:00:00 PM,2.4,3.1,97,20,91,9
21/10/19,06:00:00 PM,2.4,2.9,66,19.5,94,0
21/10/19,07:00:00 PM,2.1,2.6,54,19.2,97,0
21/10/19,08:00:00 PM,2.2,2.6,40,18.7,97,0
21/10/19,09:00:00 PM,2.8,3.4,25,18.5,96,0
21/10/19,10:00:00 PM,2.8,3.5,25,18.2,97,0
21/10/19,11:00:00 PM,2.7,3.1,18,17.9,96,0
22/10/19,12:00:00 AM,3.3,3.8,12,17.8,97,
22/10/19,01:00:00 AM,3.2,3.7,13,17.2,97,0
22/10/19,02:00:00 AM,2.2,2.7,30,17.1,98,0
22/10/19,03:00:00 AM,2.5,3.1,19,17.1,99,0
22/10/19,04:00:00 AM,2.1,2.4,24,17,99,0
22/10/19,05:00:00 AM,2.3,2.7,5,16.6,99,0
22/10/19,06:00:00 AM,1.4,2,20,15.8,100,0
22/10/19,07:00:00 AM,0.4,1.1,,16.1,100,21
22/10/19,08:00:00 AM,2.1,2.5,359,17.3,96,204
22/10/19,09:00:00 AM,1.8,2.2,14,18.4,89,348
22/10/19,10:00:00 AM,2.1,2.7,13,19.1,85,470
22/10/19,11:00:00 AM,1.4,1.8,35,21.2,76,541
22/10/19,12:00:00 PM,1.7,2.2,40,21.7,72,536
22/10/19,01:00:00 PM,1.6,2.1,143,21,77,495
22/10/19,02:00:00 PM,2.1,2.3,155,21.1,78,396
22/10/19,03:00:00 PM,1.1,1.2,172,21.3,78,270
22/10/19,04:00:00 PM,1.8,2.4,203,21,82,118
22/10/19,05:00:00 PM,1.4,2,226,20.1,85,14
22/10/19,06:00:00 PM,1.6,1.9,229,20.1,86,
22/10/19,07:00:00 PM,1.7,1.9,261,19.9,87,
22/10/19,08:00:00 PM,2,2.2,240,20.1,81,
22/10/19,09:00:00 PM,2.2,3.1,266,19.6,89,
22/10/19,10:00:00 PM,2.2,3,264,19.1,89,0
22/10/19,11:00:00 PM,2.2,3,290,18.9,88,
23/10/19,12:00:00 AM,1.7,3,300,18.5,90,
23/10/19,01:00:00 AM,1.1,1.7,316,18.1,91,
23/10/19,02:00:00 AM,1.4,2,303,17.7,93,0
23/10/19,03:00:00 AM,0.3,0.8,355,17.7,92,
23/10/19,04:00:00 AM,1.6,2,348,17.1,93,0
23/10/19,05:00:00 AM,0.8,1.4,342,16.5,95,0
23/10/19,06:00:00 AM,2.3,3.4,350,16.4,94,
23/10/19,07:00:00 AM,1,1.2,19,16.5,93,16
23/10/19,08:00:00 AM,0.2,0.5,73,19.7,86,190
23/10/19,09:00:00 AM,1.2,1.8,273,19,83,347
23/10/19,10:00:00 AM,0.3,0.6,12,21.7,75,459
23/10/19,11:00:00 AM,0.5,1,100,20.8,72,436
23/10/19,12:00:00 PM,2.2,2.5,181,19.8,81,506
23/10/19,01:00:00 PM,2.5,2.8,174,20.2,80,478
23/10/19,02:00:00 PM,2.5,2.7,147,20.4,82,418
23/10/19,03:00:00 PM,2.1,2.4,145,20.3,82,188
23/10/19,04:00:00 PM,3.3,3.7,164,19.8,88,91
23/10/19,05:00:00 PM,2.4,2.7,189,19.8,88,10
23/10/19,06:00:00 PM,2.7,3,173,19.6,91,
23/10/19,07:00:00 PM,2.3,2.4,173,19.6,89,
23/10/19,08:00:00 PM,2.1,2.4,178,19.4,88,0
23/10/19,09:00:00 PM,1.2,1.3,149,19.2,90,0
23/10/19,10:00:00 PM,1.1,1.2,129,18.9,95,
23/10/19,11:00:00 PM,0.9,1.3,41,18.4,97,0
24/10/19,12:00:00 AM,1.3,1.7,60,18,98,0
24/10/19,01:00:00 AM,1.8,2.2,35,17.9,99,0
24/10/19,02:00:00 AM,1.9,2.4,39,17.3,100,
24/10/19,03:00:00 AM,3.5,4.3,15,15.6,100,3
24/10/19,04:00:00 AM,3.1,3.9,21,15.2,100,0
24/10/19,05:00:00 AM,4.8,5.8,18,15.4,100,0
24/10/19,06:00:00 AM,3.4,4.1,31,16,100,0
24/10/19,07:00:00 AM,2.9,3.7,56,16.5,100,9
24/10/19,08:00:00 AM,3.6,4.8,59,16.6,100,95
24/10/19,09:00:00 AM,4.8,5.8,39,16.7,100,243
24/10/19,10:00:00 AM,4.2,5.2,43,16.9,100,135
24/10/19,11:00:00 AM,3.9,4.7,17,17.7,100,423
24/10/19,12:00:00 PM,2.4,3,15,18.2,93,87
24/10/19,01:00:00 PM,4.1,5.1,28,18.8,90,261
24/10/19,02:00:00 PM,3.9,5.2,72,19.3,85,169
24/10/19,03:00:00 PM,4.2,5.5,97,19,86,106
24/10/19,04:00:00 PM,3.4,4.3,100,18.7,91,69
24/10/19,05:00:00 PM,1.7,2.1,105,19,85,5
24/10/19,06:00:00 PM,0.9,1.3,212,19,84,0
24/10/19,07:00:00 PM,1.8,2,53,18.9,86,0
24/10/19,08:00:00 PM,3.4,4.7,33,18.7,90,0
24/10/19,09:00:00 PM,0.7,1.3,37,18.5,93,0
24/10/19,10:00:00 PM,0.9,1.3,81,18.3,92,0
24/10/19,11:00:00 PM,1.2,1.5,3,18.3,92,0
25/10/19,12:00:00 AM,2.5,2.9,12,17.9,92,0
25/10/19,01:00:00 AM,2.3,3,0,17.8,93,0
25/10/19,02:00:00 AM,1.9,2.3,6,17.2,95,0
25/10/19,03:00:00 AM,3.2,3.7,26,17.3,94,
25/10/19,04:00:00 AM,2.8,3.3,28,16.9,94,
25/10/19,05:00:00 AM,2.6,3.4,2,16.6,94,0
25/10/19,06:00:00 AM,2.6,3.2,20,16.2,95,0
25/10/19,07:00:00 AM,2.2,2.7,16,16.3,94,29
25/10/19,08:00:00 AM,1.8,2.4,17,17.1,86,177
25/10/19,09:00:00 AM,2.5,3.1,9,17.8,82,334
25/10/19,10:00:00 AM,2,2.6,17,19.2,78,460
25/10/19,11:00:00 AM,3,3.8,356,19.9,76,496
25/10/19,12:00:00 PM,2.1,3.1,355,20.8,70,483
25/10/19,01:00:00 PM,2.7,3.4,39,21.3,66,438
25/10/19,02:00:00 PM,2.4,3.2,62,21.7,60,303
25/10/19,03:00:00 PM,1.8,2.1,133,19.6,79,210
25/10/19,04:00:00 PM,1.8,2.1,171,19.5,80,104
25/10/19,05:00:00 PM,0.9,1.1,251,19.3,80,10
25/10/19,06:00:00 PM,1.6,1.8,274,19.2,83,
25/10/19,07:00:00 PM,1.4,1.7,289,19.2,87,
25/10/19,08:00:00 PM,1.3,1.8,312,19.1,87,
25/10/19,09:00:00 PM,1.4,2.1,334,18.9,78,
25/10/19,10:00:00 PM,1.4,1.8,351,18.8,72,0
25/10/19,11:00:00 PM,4,4.6,9,17.6,78,
26/10/19,12:00:00 AM,3.9,4.6,9,17.2,75,
26/10/19,01:00:00 AM,3.7,4.5,6,16.8,73,0
26/10/19,02:00:00 AM,2.6,3.4,338,17.3,67,
26/10/19,03:00:00 AM,1.7,2.3,340,16.8,68,
26/10/19,04:00:00 AM,2.9,3.7,7,16.2,71,
26/10/19,05:00:00 AM,1.9,3,329,15.7,73,0
26/10/19,06:00:00 AM,1.6,2.6,342,14.9,77,0
26/10/19,07:00:00 AM,2.5,3.2,339,15.2,76,28
26/10/19,08:00:00 AM,2.1,2.9,359,16.6,72,186
26/10/19,09:00:00 AM,1.7,2.4,353,18.5,64,340
26/10/19,10:00:00 AM,1,1.3,334,21.2,50,456
26/10/19,11:00:00 AM,1.5,2.2,242,20.4,61,529
26/10/19,12:00:00 PM,1.7,2.7,227,21.2,57,547
26/10/19,01:00:00 PM,2.2,2.5,182,20.3,62,501
26/10/19,02:00:00 PM,2.3,2.5,184,20.3,69,397
26/10/19,03:00:00 PM,2.5,2.6,189,21.1,61,257
26/10/19,04:00:00 PM,2.4,2.5,174,21.1,61,102
26/10/19,05:00:00 PM,1.5,1.8,164,20.2,71,8
26/10/19,06:00:00 PM,1.7,2,194,19.6,76,
26/10/19,07:00:00 PM,1.4,1.8,206,19.5,77,0
26/10/19,08:00:00 PM,1.9,3.2,247,19.2,79,
26/10/19,09:00:00 PM,1.2,1.7,262,18.2,84,
26/10/19,10:00:00 PM,1,1.4,254,17.9,85,
26/10/19,11:00:00 PM,1.7,2.1,263,17.3,87,
27/10/19,12:00:00 AM,2,2.5,265,16.9,89,
27/10/19,01:00:00 AM,0.9,1.3,308,16.7,87,0
27/10/19,02:00:00 AM,1,1.3,323,15.7,88,
27/10/19,03:00:00 AM,0,0,,14.7,90,0
27/10/19,04:00:00 AM,1.9,2.3,350,13.6,91,0
27/10/19,05:00:00 AM,2,2.4,3,13.4,92,0
27/10/19,06:00:00 AM,1.8,2.3,354,13.6,94,
27/10/19,07:00:00 AM,1.5,1.8,2,13.2,95,22
27/10/19,08:00:00 AM,1,1.8,8,14.3,92,155
27/10/19,09:00:00 AM,1.1,1.8,16,15.9,83,311
27/10/19,10:00:00 AM,1.7,2.2,20,16.3,80,436
27/10/19,11:00:00 AM,0.5,1.1,115,17.1,75,496
27/10/19,12:00:00 PM,0.8,1.2,171,18.1,76,510
27/10/19,01:00:00 PM,1.9,2.4,190,17.5,81,464
27/10/19,02:00:00 PM,1.6,2,191,17.8,80,365
27/10/19,03:00:00 PM,1.9,2.3,191,18.3,80,230
27/10/19,04:00:00 PM,0.9,1.2,178,18.5,79,88
27/10/19,05:00:00 PM,1.4,1.7,187,18,82,5
27/10/19,06:00:00 PM,1.1,1.5,147,17.9,83,0
27/10/19,07:00:00 PM,0.8,1,128,17.7,87,0
27/10/19,08:00:00 PM,0.9,1.2,151,17.9,86,
27/10/19,09:00:00 PM,1.4,1.7,186,18,86,
27/10/19,10:00:00 PM,0.9,1,248,17.8,88,0
27/10/19,11:00:00 PM,2,2.8,346,16.8,92,0
28/10/19,12:00:00 AM,1.6,2,0,16,95,0
28/10/19,01:00:00 AM,3,3.7,21,15.8,94,0
28/10/19,02:00:00 AM,3.3,4,27,14.3,99,1
28/10/19,03:00:00 AM,2.9,3.6,10,13.6,100,
28/10/19,04:00:00 AM,2.6,3.6,12,13.3,100,0
28/10/19,05:00:00 AM,2.8,3.7,22,13.6,100,0
28/10/19,06:00:00 AM,2.7,3.5,18,13.5,100,1
28/10/19,07:00:00 AM,3.5,4.5,27,13.5,100,7
28/10/19,08:00:00 AM,2.9,3.6,26,13.5,100,97
28/10/19,09:00:00 AM,2,2.8,32,14.2,100,122
28/10/19,10:00:00 AM,2.3,2.9,44,15.3,100,183
28/10/19,11:00:00 AM,1.8,2.5,39,16.5,97,362
28/10/19,12:00:00 PM,1.9,2.5,358,16.2,90,155
28/10/19,01:00:00 PM,1,1.5,347,16.8,88,118
28/10/19,02:00:00 PM,0.9,1.3,352,17.3,82,171
28/10/19,03:00:00 PM,0.9,1.3,75,17.7,79,147
28/10/19,04:00:00 PM,0,0,,17.4,81,75
28/10/19,05:00:00 PM,0.9,1,194,17,85,3
28/10/19,06:00:00 PM,1.1,1.4,228,16.7,90,0
28/10/19,07:00:00 PM,0.7,1,265,16.7,89,
28/10/19,08:00:00 PM,1.7,2,266,16.5,91,
28/10/19,09:00:00 PM,0.5,0.6,296,16.6,89,0
28/10/19,10:00:00 PM,1.3,2.3,265,16.3,91,0
28/10/19,11:00:00 PM,0.7,1.3,286,15.9,92,0
29/10/19,12:00:00 AM,0.4,0.7,273,15.8,91,0
29/10/19,01:00:00 AM,1.1,1.7,324,15.9,90,0
29/10/19,02:00:00 AM,2.2,2.8,8,15.4,94,0
29/10/19,03:00:00 AM,4,4.8,13,14.8,91,0
29/10/19,04:00:00 AM,3.9,5.1,34,15.1,89,0
29/10/19,05:00:00 AM,4.1,4.9,24,15.3,87,0
29/10/19,06:00:00 AM,4.1,5.3,35,15.1,89,0
29/10/19,07:00:00 AM,2.9,3.8,20,14.9,92,6
29/10/19,08:00:00 AM,3.4,4.2,20,14.8,94,28
29/10/19,09:00:00 AM,2.6,3.2,39,14.9,95,82
29/10/19,10:00:00 AM,2.9,3.3,29,15,96,81
29/10/19,11:00:00 AM,3.1,3.8,14,15,97,95
29/10/19,12:00:00 PM,1.9,2.6,355,15.2,98,109
29/10/19,01:00:00 PM,3.5,4.2,20,15.3,98,74
29/10/19,02:00:00 PM,2,3,359,15.4,98,50
29/10/19,03:00:00 PM,2.8,3.5,17,15.1,97,39
29/10/19,04:00:00 PM,2.5,3.1,19,15.4,95,40
29/10/19,05:00:00 PM,3.5,4.4,18,15.2,96,3
29/10/19,06:00:00 PM,3.8,4.5,22,15.1,94,0
29/10/19,07:00:00 PM,4,4.7,29,14.7,94,0
29/10/19,08:00:00 PM,4.2,5.7,34,14.4,96,0
29/10/19,09:00:00 PM,5.1,6.5,43,14,92,0
29/10/19,10:00:00 PM,5.4,8,48,13.7,87,0
29/10/19,11:00:00 PM,6.4,8.2,51,13.4,84,0
30/10/19,12:00:00 AM,6.7,8.2,50,13.4,81,0
30/10/19,01:00:00 AM,6.1,8.7,38,13.1,75,0
30/10/19,02:00:00 AM,7.2,9.5,32,12.9,75,0
30/10/19,03:00:00 AM,7.9,10.1,24,12.7,72,0
30/10/19,04:00:00 AM,6.9,9,28,12.6,76,0
30/10/19,05:00:00 AM,6.8,9.3,41,12.6,70,0
30/10/19,06:00:00 AM,7.6,10.4,42,12.4,69,0
30/10/19,07:00:00 AM,6.2,8.1,41,12.3,69,3
30/10/19,08:00:00 AM,6.8,9.3,36,12.4,69,41
30/10/19,09:00:00 AM,6.5,8.6,33,12.1,70,41
30/10/19,10:00:00 AM,5.9,7.6,25,12.3,72,44
30/10/19,11:00:00 AM,6.2,8.8,38,12.7,72,68
30/10/19,12:00:00 PM,6.3,8,45,12.7,70,78
30/10/19,01:00:00 PM,6.1,7.9,41,13.3,67,89
30/10/19,02:00:00 PM,5.7,7.3,55,13.3,67,69
30/10/19,03:00:00 PM,5.4,7.1,44,13.4,67,44
30/10/19,04:00:00 PM,5.5,7.2,42,13.4,70,28
30/10/19,05:00:00 PM,6.4,8.9,44,13.3,67,4
30/10/19,06:00:00 PM,5.2,7.1,36,13.3,68,0
30/10/19,07:00:00 PM,4.8,7.2,51,13,68,0
30/10/19,08:00:00 PM,6.4,8.9,39,12.6,69,0
30/10/19,09:00:00 PM,6.3,8,52,12.2,71,0
30/10/19,10:00:00 PM,7,10.3,49,12.1,71,0
30/10/19,11:00:00 PM,6.3,8.1,44,12,74,0
31/10/19,12:00:00 AM,7.2,9.3,44,11.9,72,0
31/10/19,01:00:00 AM,6.9,9.8,38,11.8,71,0
31/10/19,02:00:00 AM,5.7,7.6,38,11.4,73,0
31/10/19,03:00:00 AM,5.5,6.6,43,11.3,72,0
31/10/19,04:00:00 AM,6.1,7.7,45,11.2,71,0
31/10/19,05:00:00 AM,5.7,6.9,43,10.9,74,0
31/10/19,06:00:00 AM,5.8,7.3,43,10.9,73,0
31/10/19,07:00:00 AM,5.6,8.1,39,10.2,76,4
31/10/19,08:00:00 AM,5.6,7.4,37,10.6,75,22
31/10/19,09:00:00 AM,5.5,7.2,40,11,72,69
31/10/19,10:00:00 AM,5.7,7.6,33,11.1,73,70
31/10/19,11:00:00 AM,5.5,6.6,35,11.3,72,116
31/10/19,12:00:00 PM,5,6.3,34,11.5,73,122
31/10/19,01:00:00 PM,3.9,4.8,50,12,70,123
31/10/19,02:00:00 PM,4.2,5.7,42,12.3,70,81
31/10/19,03:00:00 PM,3.2,3.7,48,12.5,68,59
31/10/19,04:00:00 PM,2.4,3.1,62,12.8,69,35
31/10/19,05:00:00 PM,3.3,4.1,56,12.6,68,2
31/10/19,06:00:00 PM,4.8,6.4,51,12.1,69,0
31/10/19,07:00:00 PM,5.2,6.9,55,11.4,71,0
31/10/19,08:00:00 PM,5.2,6.1,50,10.9,71,0
31/10/19,09:00:00 PM,7,9,43,10.3,71,0
31/10/19,10:00:00 PM,5.7,6.9,27,9.6,76,0
31/10/19,11:00:00 PM,5.5,6.8,24,9.2,76,0
01/11/19,12:00:00 AM,5.7,6.6,23,9,77,0
01/11/19,01:00:00 AM,5.7,7.3,28,9.2,79,0
01/11/19,02:00:00 AM,6.6,9.4,35,9.1,81,0
01/11/19,03:00:00 AM,6.8,8.8,27,8.9,80,0
01/11/19,04:00:00 AM,4.5,6.5,17,8.4,80,
01/11/19,05:00:00 AM,4.1,5.2,4,8.1,78,0
01/11/19,06:00:00 AM,3.6,4.9,355,8,79,
01/11/19,07:00:00 AM,4,5.4,10,8,79,15
01/11/19,08:00:00 AM,4.9,6.1,19,8.9,74,167
01/11/19,09:00:00 AM,3.8,4.9,14,9.7,72,311
01/11/19,10:00:00 AM,4.5,5.5,21,10.5,67,439
01/11/19,11:00:00 AM,2.4,3.5,21,11.7,61,508
01/11/19,12:00:00 PM,2.8,3.6,26,12.4,59,528
01/11/19,01:00:00 PM,3.9,4.7,32,12.8,56,482
01/11/19,02:00:00 PM,4.5,5.6,39,12.7,57,202
01/11/19,03:00:00 PM,3,3.8,53,12.9,57,85
01/11/19,04:00:00 PM,2,2.4,51,12.9,56,25
01/11/19,05:00:00 PM,1.8,2.2,81,12.9,55,0
01/11/19,06:00:00 PM,1,1.5,39,12.9,55,0
01/11/19,07:00:00 PM,1.4,1.7,33,12.9,57,0
01/11/19,08:00:00 PM,1.9,2.3,15,12.9,59,0
01/11/19,09:00:00 PM,1.3,1.9,13,12.7,62,0
01/11/19,10:00:00 PM,1.7,2,8,12.7,60,0
01/11/19,11:00:00 PM,2.3,2.9,24,12.1,71,0
02/11/19,12:00:00 AM,3.4,4.3,37,11.6,75,0
02/11/19,01:00:00 AM,4.1,4.7,27,11,75,0
02/11/19,02:00:00 AM,4,4.8,24,10.6,77,0
02/11/19,03:00:00 AM,4,4.6,20,10.7,76,0
02/11/19,04:00:00 AM,4.1,4.8,24,10.8,78,0
02/11/19,05:00:00 AM,4.8,5.6,26,10.5,77,0
02/11/19,06:00:00 AM,4.3,5.2,22,10.8,73,0
02/11/19,07:00:00 AM,3.7,4.6,32,10.8,72,0
02/11/19,08:00:00 AM,4.1,5,24,11.1,69,19
02/11/19,09:00:00 AM,4.4,5.5,22,11.2,75,48
02/11/19,10:00:00 AM,3.8,6.1,9,10.8,78,98
02/11/19,11:00:00 AM,4.3,5.7,5,9.7,89,60
02/11/19,12:00:00 PM,3.4,4.6,19,10,94,75
02/11/19,01:00:00 PM,3.8,4.8,20,9.8,95,95
02/11/19,02:00:00 PM,2.9,3.8,10,10.1,95,65
02/11/19,03:00:00 PM,2.1,3.1,356,10.3,96,19
02/11/19,04:00:00 PM,2.4,3,25,10.4,98,12
02/11/19,05:00:00 PM,3,3.5,29,10.5,98,0
02/11/19,06:00:00 PM,3,3.8,7,10.4,100,0
02/11/19,07:00:00 PM,4.2,5.4,15,10.6,100,0
02/11/19,08:00:00 PM,4.5,5.7,12,10.6,100,0
02/11/19,09:00:00 PM,5.2,6.8,14,10.5,100,0
02/11/19,10:00:00 PM,4,5.1,16,10.7,100,0
02/11/19,11:00:00 PM,4.8,5.6,16,10.8,100,0
03/11/19,12:00:00 AM,5.2,6.5,26,11.1,100,0
03/11/19,01:00:00 AM,4.9,6,20,11.4,100,0
03/11/19,02:00:00 AM,4.5,5.4,40,11.6,100,0
03/11/19,03:00:00 AM,4.4,5.4,32,12,100,0
03/11/19,04:00:00 AM,4.5,5.7,13,11.9,100,1
03/11/19,05:00:00 AM,4.9,5.6,21,12,100,0
03/11/19,06:00:00 AM,5.4,6.8,31,12,100,0
03/11/19,07:00:00 AM,5.4,6.7,30,12.3,100,3
03/11/19,08:00:00 AM,5.7,6.7,33,12.6,100,57
03/11/19,09:00:00 AM,5,5.8,34,13,100,126
03/11/19,10:00:00 AM,3.7,4.1,49,13.8,100,82
03/11/19,11:00:00 AM,2.6,3.2,67,14.8,100,153
03/11/19,12:00:00 PM,1.3,2.1,39,15.6,100,152
03/11/19,01:00:00 PM,2.5,2.8,28,15.6,99,52
03/11/19,02:00:00 PM,2.9,3.9,182,17.1,98,14
03/11/19,03:00:00 PM,10.7,13,165,17.9,89,18
03/11/19,04:00:00 PM,9.9,13.5,199,17.1,90,2
03/11/19,05:00:00 PM,3.2,4.1,280,14.6,89,0
03/11/19,06:00:00 PM,0.5,1.1,155,14.6,92,0
03/11/19,07:00:00 PM,2.7,3.4,157,15.2,90,
03/11/19,08:00:00 PM,4.3,4.7,182,15.9,92,0
03/11/19,09:00:00 PM,1,1.5,86,15.9,93,0
03/11/19,10:00:00 PM,3.7,5.1,188,17,90,0
03/11/19,11:00:00 PM,2.1,3.9,240,16.1,90,1
04/11/19,12:00:00 AM,2,3,232,15.2,95,0
04/11/19,01:00:00 AM,2.2,3.8,223,13.4,98,0
04/11/19,02:00:00 AM,3.4,4.9,238,12.6,100,0
04/11/19,03:00:00 AM,3.3,6.7,233,12,100,0
04/11/19,04:00:00 AM,3.2,6.7,248,11.5,100,0
04/11/19,05:00:00 AM,4.3,7.4,241,10.8,100,0
04/11/19,06:00:00 AM,3.5,5.1,252,11.1,100,0
04/11/19,07:00:00 AM,4.4,6.4,254,10.8,100,4
04/11/19,08:00:00 AM,2.6,4.4,253,11.2,100,32
04/11/19,09:00:00 AM,2.6,4.2,271,11.8,99,109
04/11/19,10:00:00 AM,1.4,2,276,12.6,92,173
04/11/19,11:00:00 AM,1.5,2.6,230,13.3,93,274
04/11/19,12:00:00 PM,0.8,1.2,32,14.2,91,341
04/11/19,01:00:00 PM,2.4,3,29,14.4,87,484
04/11/19,02:00:00 PM,2.6,3.3,65,14.7,85,341
04/11/19,03:00:00 PM,3.1,3.8,69,14.5,85,215
04/11/19,04:00:00 PM,2.4,2.9,63,14.4,86,88
04/11/19,05:00:00 PM,3.4,4.2,101,13.9,89,1
04/11/19,06:00:00 PM,1.8,2.1,54,14.3,89,0
04/11/19,07:00:00 PM,3.8,4.6,37,14,92,0
04/11/19,08:00:00 PM,5.3,6.2,11,13.6,93,0
04/11/19,09:00:00 PM,6.4,7.6,18,13.2,92,0
04/11/19,10:00:00 PM,6.6,8.1,41,13,94,0
04/11/19,11:00:00 PM,5.3,6.6,45,13,94,0
05/11/19,12:00:00 AM,4.2,6.1,45,13.3,93,0
05/11/19,01:00:00 AM,5.2,6,27,13.4,95,0
05/11/19,02:00:00 AM,5.2,6.7,31,13.6,96,0
05/11/19,03:00:00 AM,5.8,7.1,25,13.1,97,0
05/11/19,04:00:00 AM,5.8,7.1,31,13,98,0
05/11/19,05:00:00 AM,3.9,4.5,27,13.5,99,0
05/11/19,06:00:00 AM,3.5,4.5,8,13.2,99,0
05/11/19,07:00:00 AM,3.1,4.6,321,12.7,98,4
05/11/19,08:00:00 AM,1.9,2.2,1,13,99,44
05/11/19,09:00:00 AM,1.2,1.5,27,14.2,98,171
05/11/19,10:00:00 AM,0,0,,14.9,94,43
05/11/19,11:00:00 AM,3.9,5.5,205,14.9,95,66
05/11/19,12:00:00 PM,2.6,4,207,15.1,96,69
05/11/19,01:00:00 PM,1.1,2.3,242,15.4,95,139
05/11/19,02:00:00 PM,0.9,1.7,232,15.6,96,125
05/11/19,03:00:00 PM,1.2,2,215,15.5,95,37
05/11/19,04:00:00 PM,0.9,1.2,222,15.4,97,7
05/11/19,05:00:00 PM,1,1.5,236,15.2,97,1
05/11/19,06:00:00 PM,0.7,1.2,250,14.9,98,0
05/11/19,07:00:00 PM,3.6,4.9,194,14.8,99,0
05/11/19,08:00:00 PM,2.9,5.5,248,14.6,98,0
05/11/19,09:00:00 PM,3.8,5.7,272,14.6,99,0
05/11/19,10:00:00 PM,2.9,5.3,243,14.3,100,0
05/11/19,11:00:00 PM,1.8,3.1,263,13.3,100,0
06/11/19,12:00:00 AM,3.1,6.1,253,12.7,100,0
06/11/19,01:00:00 AM,2,2.9,246,13,90,
06/11/19,02:00:00 AM,2.2,2.9,239,12.7,87,
06/11/19,03:00:00 AM,1.9,3.3,234,12.7,86,
06/11/19,04:00:00 AM,3.1,5.3,232,12.6,83,
06/11/19,05:00:00 AM,2,2.5,235,12.5,85,
06/11/19,06:00:00 AM,1.6,2.6,252,12.6,82,
06/11/19,07:00:00 AM,2.4,3,22,11.8,88,9
06/11/19,08:00:00 AM,1.9,2.5,350,12.6,86,162
06/11/19,09:00:00 AM,2.1,2.5,33,12.8,91,406
06/11/19,10:00:00 AM,2.5,3.1,18,13,87,239
06/11/19,11:00:00 AM,0.8,1.5,18,13.7,88,190
06/11/19,12:00:00 PM,1.5,2,315,13.7,79,90
06/11/19,01:00:00 PM,1.8,3.8,226,13.6,75,153
06/11/19,02:00:00 PM,1.4,2.2,267,13.5,77,151
06/11/19,03:00:00 PM,1.5,2,45,14.5,74,122
06/11/19,04:00:00 PM,2.7,3.3,178,13.5,77,29
06/11/19,05:00:00 PM,2.2,2.8,179,13.7,79,0
06/11/19,06:00:00 PM,1,1.4,238,13.7,79,0
06/11/19,07:00:00 PM,1,1.2,290,13.7,79,0
06/11/19,08:00:00 PM,4,5.1,11,12.5,91,0
06/11/19,09:00:00 PM,5.3,6.7,10,11.1,93,0
06/11/19,10:00:00 PM,4.7,5.7,28,11.1,97,0
06/11/19,11:00:00 PM,4.6,6.1,33,10.7,96,
07/11/19,12:00:00 AM,3.7,4.6,41,10.5,96,0
07/11/19,01:00:00 AM,3.9,4.9,18,10.1,95,0
07/11/19,02:00:00 AM,3.1,3.8,8,9.7,93,0
07/11/19,03:00:00 AM,3.2,4.3,357,9.5,91,0
07/11/19,04:00:00 AM,3,4.2,347,9.5,92,
07/11/19,05:00:00 AM,2.6,3.2,2,9.4,91,0
07/11/19,06:00:00 AM,2.4,2.9,6,9.7,89,
07/11/19,07:00:00 AM,2,2.8,291,9.8,87,4
07/11/19,08:00:00 AM,0.9,1.6,280,10.8,87,139
07/11/19,09:00:00 AM,1.9,3.2,298,11.5,82,290
07/11/19,10:00:00 AM,1.1,1.9,292,13.3,76,409
07/11/19,11:00:00 AM,0.8,1.6,354,14.6,68,480
07/11/19,12:00:00 PM,2.6,3.1,185,12,85,502
07/11/19,01:00:00 PM,2.6,3.6,216,12.7,87,445
07/11/19,02:00:00 PM,2.9,3.7,175,12.6,84,310
07/11/19,03:00:00 PM,2.3,3,192,12.9,80,264
07/11/19,04:00:00 PM,2.9,3.8,158,12.6,84,36
07/11/19,05:00:00 PM,1.1,1.4,173,12.7,85,0
07/11/19,06:00:00 PM,1.5,1.9,118,13.1,84,
07/11/19,07:00:00 PM,1,1.3,65,12.9,84,0
07/11/19,08:00:00 PM,3.2,3.7,46,12.5,91,0
07/11/19,09:00:00 PM,3.2,4,46,12.3,93,0
07/11/19,10:00:00 PM,4.2,5.3,56,12.3,86,0
07/11/19,11:00:00 PM,5.7,7.2,45,12.2,86,0
08/11/19,12:00:00 AM,6.1,7.5,32,11.9,91,0
08/11/19,01:00:00 AM,7.1,8.8,42,11.7,92,0
08/11/19,02:00:00 AM,6.9,9.1,40,11.5,93,0
08/11/19,03:00:00 AM,6.9,9.9,51,11.4,93,0
08/11/19,04:00:00 AM,8,10.6,55,11.8,89,0
08/11/19,05:00:00 AM,5.6,7.6,45,11.6,91,0
08/11/19,06:00:00 AM,7,9.5,44,11.1,92,0
08/11/19,07:00:00 AM,6,8.3,30,10.7,96,1
08/11/19,08:00:00 AM,7,8.5,26,10.7,99,4
08/11/19,09:00:00 AM,7,9.5,184,14.2,97,10
08/11/19,10:00:00 AM,4.9,5.7,172,14.9,87,23
08/11/19,11:00:00 AM,9.3,10.6,170,16.1,74,144
08/11/19,12:00:00 PM,2.9,4.8,243,14.7,82,174
08/11/19,01:00:00 PM,3.2,4.4,344,12.7,93,166
08/11/19,02:00:00 PM,3.5,4.2,359,12.1,95,96
08/11/19,03:00:00 PM,5,6.2,25,11.5,95,54
08/11/19,04:00:00 PM,4.9,6.5,359,11,94,50
08/11/19,05:00:00 PM,4.9,6.3,17,10.8,93,0
08/11/19,06:00:00 PM,4.4,5.7,37,10.7,91,0
08/11/19,07:00:00 PM,1.9,2.9,68,10.5,92,0
08/11/19,08:00:00 PM,2.4,3,58,10.6,92,0
08/11/19,09:00:00 PM,2.4,3.4,345,10.5,94,0
08/11/19,10:00:00 PM,2.7,3.3,68,10.7,97,
08/11/19,11:00:00 PM,2.3,2.8,112,11.6,98,
09/11/19,12:00:00 AM,3.1,4,54,11.4,87,0
09/11/19,01:00:00 AM,3.1,3.9,14,10.3,98,0
09/11/19,02:00:00 AM,2,2.8,30,10,100,0
09/11/19,03:00:00 AM,1.8,2.4,328,9.7,100,0
09/11/19,04:00:00 AM,4.2,6,290,9.6,100,0
09/11/19,05:00:00 AM,3.6,5.2,281,9.7,97,0
09/11/19,06:00:00 AM,3.8,5.3,272,9.3,92,0
09/11/19,07:00:00 AM,2.5,4.1,257,9.3,88,4
09/11/19,08:00:00 AM,1.9,3,248,10.1,92,139
09/11/19,09:00:00 AM,3.1,5.4,251,10.6,87,324
09/11/19,10:00:00 AM,3.1,4.7,229,10.8,84,411
09/11/19,11:00:00 AM,4,5.8,214,11.2,84,687
09/11/19,12:00:00 PM,3.3,5.4,220,12,82,496
09/11/19,01:00:00 PM,3.4,5.9,221,12,81,220
09/11/19,02:00:00 PM,3,5,206,12.5,80,149
09/11/19,03:00:00 PM,2.2,4.1,235,13.5,78,273
09/11/19,04:00:00 PM,2.5,4.6,238,12.7,79,11
09/11/19,05:00:00 PM,2.2,3.4,352,12.4,82,0
09/11/19,06:00:00 PM,3.3,4.3,38,11.9,85,0
09/11/19,07:00:00 PM,4.1,5.5,38,11.4,84,0
09/11/19,08:00:00 PM,3.6,5,21,10.9,89,
09/11/19,09:00:00 PM,4.2,5.5,22,10.1,89,0
09/11/19,10:00:00 PM,3.9,5.1,19,9.7,90,0
09/11/19,11:00:00 PM,3.5,4.5,17,9.2,90,
10/11/19,12:00:00 AM,4,5,357,8.9,90,0
10/11/19,01:00:00 AM,3.7,4.5,18,9.1,86,0
10/11/19,02:00:00 AM,3.5,4.3,24,8.9,89,
10/11/19,03:00:00 AM,4.2,5,346,8.3,88,0
10/11/19,04:00:00 AM,4.3,5.4,349,8.1,88,
10/11/19,05:00:00 AM,3.9,5,340,8.6,83,
10/11/19,06:00:00 AM,4,4.7,13,8.6,82,
10/11/19,07:00:00 AM,3.4,4.6,336,8.1,84,2
10/11/19,08:00:00 AM,2.7,4.2,322,9,79,132
10/11/19,09:00:00 AM,3.4,4.7,345,9.8,74,292
10/11/19,10:00:00 AM,1.9,2.9,349,11.3,70,410
10/11/19,11:00:00 AM,0.7,1.2,29,13.5,66,475
10/11/19,12:00:00 PM,0.7,1.1,20,15.2,58,484
10/11/19,01:00:00 PM,2.2,3.3,266,13.6,64,443
10/11/19,02:00:00 PM,0.7,1.3,185,13.8,59,334
10/11/19,03:00:00 PM,1.6,2.1,189,13.4,62,157
10/11/19,04:00:00 PM,1,1.2,226,13.7,62,59
10/11/19,05:00:00 PM,1.3,1.4,243,12.7,66,
10/11/19,06:00:00 PM,1.6,1.7,248,12.7,70,
10/11/19,07:00:00 PM,1.6,1.8,263,12.7,72,
10/11/19,08:00:00 PM,1.1,1.3,300,12.4,77,
10/11/19,09:00:00 PM,1.9,2.4,359,11.9,71,
10/11/19,10:00:00 PM,2.9,3.7,5,10.6,76,0
10/11/19,11:00:00 PM,4.2,5,11,9.5,82,0
11/11/19,12:00:00 AM,5.4,6.2,21,9,86,
11/11/19,01:00:00 AM,4.9,5.8,19,9,84,0
11/11/19,02:00:00 AM,6,7.2,22,8.4,85,0
11/11/19,03:00:00 AM,6.5,7.8,23,7.8,86,0
11/11/19,04:00:00 AM,5.8,6.9,20,8.1,87,0
11/11/19,05:00:00 AM,6.3,7.6,25,8,85,0
11/11/19,06:00:00 AM,6.2,8.4,26,8.7,86,0
11/11/19,07:00:00 AM,6,7.6,36,8.8,88,1
11/11/19,08:00:00 AM,5.5,7.2,35,9.2,88,16
11/11/19,09:00:00 AM,5.7,7.4,35,9.2,87,41
11/11/19,10:00:00 AM,6.7,8.2,21,9.5,84,69
11/11/19,11:00:00 AM,6.4,7.8,34,9.6,82,96
11/11/19,12:00:00 PM,6.1,7.4,33,9.7,88,85
11/11/19,01:00:00 PM,6.3,7.9,38,9.7,89,78
11/11/19,02:00:00 PM,5.6,6.6,15,9.4,92,71
11/11/19,03:00:00 PM,6,8.2,22,9.6,95,65
11/11/19,04:00:00 PM,6.3,7.8,30,10,91,18
11/11/19,05:00:00 PM,6.6,8.6,27,9.9,91,0
11/11/19,06:00:00 PM,6.7,8.6,22,9.9,91,0
11/11/19,07:00:00 PM,6.7,9,15,9.8,90,0
11/11/19,08:00:00 PM,6.3,7.8,26,10.2,91,0
11/11/19,09:00:00 PM,7.3,8.7,23,10.3,92,0
11/11/19,10:00:00 PM,7.4,9.2,24,10.4,94,
11/11/19,11:00:00 PM,6.6,8.3,31,10.5,94,0
12/11/19,12:00:00 AM,5.8,7.5,33,10.8,96,0
12/11/19,01:00:00 AM,6.7,8.2,27,10.8,95,0
12/11/19,02:00:00 AM,6.9,9.1,22,10.5,96,0
12/11/19,03:00:00 AM,5.5,7,30,10.7,99,0
12/11/19,04:00:00 AM,5.8,8.3,19,11.1,98,0
12/11/19,05:00:00 AM,7.4,9.8,33,11.2,99,0
12/11/19,06:00:00 AM,6.8,8.3,23,11,97,0
12/11/19,07:00:00 AM,7.8,10.1,32,10.7,97,0
12/11/19,08:00:00 AM,7.4,9.6,36,11,100,7
12/11/19,09:00:00 AM,8.7,11,37,10.9,100,8
12/11/19,10:00:00 AM,8.9,12.9,44,10.8,100,45
12/11/19,11:00:00 AM,9.3,12.8,36,11,98,78
12/11/19,12:00:00 PM,8.8,12.4,39,11,96,79
12/11/19,01:00:00 PM,10.1,13.7,26,11.7,90,101
12/11/19,02:00:00 PM,10,13.3,41,12.1,84,68
12/11/19,03:00:00 PM,9.3,12.9,38,12.1,84,85
12/11/19,04:00:00 PM,9.7,13.3,27,11.8,84,18
12/11/19,05:00:00 PM,8.9,11.6,34,11.7,85,0
12/11/19,06:00:00 PM,9,12.5,45,12.2,81,0
12/11/19,07:00:00 PM,10.5,15.1,32,10.5,95,0
12/11/19,08:00:00 PM,10.1,13.7,16,10.3,98,0
12/11/19,09:00:00 PM,13.8,17.1,25,11.1,95,0
12/11/19,10:00:00 PM,10.5,15.3,44,14.9,96,
12/11/19,11:00:00 PM,12,23.3,222,10.6,97,
13/11/19,12:00:00 AM,2.6,6,241,10.7,94,0
13/11/19,01:00:00 AM,1.7,3.3,261,9.9,92,0
13/11/19,02:00:00 AM,2.2,3.3,4,10,96,0
13/11/19,03:00:00 AM,4.2,6.9,61,10.7,97,
13/11/19,04:00:00 AM,5,6.5,61,11,99,0
13/11/19,05:00:00 AM,4.7,5.9,56,10.5,100,0
13/11/19,06:00:00 AM,3.9,4.9,30,10.8,100,0
13/11/19,07:00:00 AM,2.9,4.7,36,10.6,100,0
13/11/19,08:00:00 AM,1.6,2.3,2,10.7,99,29
13/11/19,09:00:00 AM,5.4,7.6,275,9.5,98,25
13/11/19,10:00:00 AM,4.2,6.3,290,9.2,100,124
13/11/19,11:00:00 AM,3.7,5.7,271,9.2,100,134
13/11/19,12:00:00 PM,4.9,7,271,10.1,90,197
13/11/19,01:00:00 PM,4.7,6.8,275,9.9,94,29
13/11/19,02:00:00 PM,4.3,6.3,267,10.2,89,59
13/11/19,03:00:00 PM,3.2,5.2,278,10.3,88,73
13/11/19,04:00:00 PM,1.6,2.6,268,10.8,86,56
13/11/19,05:00:00 PM,0.9,1.2,233,10.8,85,0
13/11/19,06:00:00 PM,2.1,3.5,252,10.5,87,
13/11/19,07:00:00 PM,0.1,0.3,,9.9,89,0
13/11/19,08:00:00 PM,1.1,1.8,146,10.2,89,
13/11/19,09:00:00 PM,1.4,2,132,10.4,90,
13/11/19,10:00:00 PM,2.8,3.5,59,9.7,78,0
13/11/19,11:00:00 PM,4.4,5.9,64,9.2,79,0
14/11/19,12:00:00 AM,4.1,6.1,51,8.5,84,0
14/11/19,01:00:00 AM,5.1,6.4,33,8.8,88,
14/11/19,02:00:00 AM,4.8,5.7,18,8.3,92,0
14/11/19,03:00:00 AM,6.4,7.9,23,8.1,93,
14/11/19,04:00:00 AM,5.3,6.7,19,7.5,90,0
14/11/19,05:00:00 AM,5.8,7,17,7.5,87,0
14/11/19,06:00:00 AM,5.5,7.1,20,7.5,88,
14/11/19,07:00:00 AM,5.2,6.4,19,7.5,87,1
14/11/19,08:00:00 AM,6.4,7.8,18,8,88,112
14/11/19,09:00:00 AM,5.9,8,31,9.2,82,269
14/11/19,10:00:00 AM,6.4,8,23,9.6,80,391
14/11/19,11:00:00 AM,5.4,7.2,28,10.9,77,552
14/11/19,12:00:00 PM,6,6.9,27,11.8,71,480
14/11/19,01:00:00 PM,4.9,6.1,39,12.3,71,441
14/11/19,02:00:00 PM,4.1,5.3,47,13.3,70,325
14/11/19,03:00:00 PM,3.1,4.3,50,13.1,71,62
14/11/19,04:00:00 PM,3.8,4.8,39,13,73,29
14/11/19,05:00:00 PM,3.3,4,76,12.4,73,0
14/11/19,06:00:00 PM,3.4,4.9,55,12.1,71,0
14/11/19,07:00:00 PM,4.8,6.9,53,11.6,75,0
14/11/19,08:00:00 PM,7,9.4,35,11,80,0
14/11/19,09:00:00 PM,5.9,7.1,52,10.6,79,0
14/11/19,10:00:00 PM,6.7,8.2,48,10.5,81,0
14/11/19,11:00:00 PM,7.3,9.4,41,10.2,84,
15/11/19,12:00:00 AM,7.7,9.4,46,10.2,84,0
15/11/19,01:00:00 AM,8.1,10.3,43,10.1,87,0
15/11/19,02:00:00 AM,8.8,11.3,43,9.9,86,1
15/11/19,03:00:00 AM,8,10.3,30,9.6,91,0
15/11/19,04:00:00 AM,7,9.7,45,9.6,96,0
15/11/19,05:00:00 AM,7.5,10.5,42,9.8,97,0
15/11/19,06:00:00 AM,9.8,12.2,153,16.5,85,
15/11/19,07:00:00 AM,12.3,15.7,152,16.8,80,0
15/11/19,08:00:00 AM,12.2,15.4,153,16.7,83,8
15/11/19,09:00:00 AM,12.7,16,156,16.6,83,20
15/11/19,10:00:00 AM,12.1,14.4,159,16.2,81,33
15/11/19,11:00:00 AM,11.8,13.6,161,16.6,81,63
15/11/19,12:00:00 PM,12.3,14.5,163,16.6,78,101
15/11/19,01:00:00 PM,11,13.3,161,16.3,78,28
15/11/19,02:00:00 PM,9.5,10.7,170,15.3,81,21
15/11/19,03:00:00 PM,4.9,6.5,170,14.2,93,7
15/11/19,04:00:00 PM,6.3,7.9,178,14.2,93,2
15/11/19,05:00:00 PM,13.2,16,158,15.6,82,
15/11/19,06:00:00 PM,11.3,12.9,175,15.3,79,1
15/11/19,07:00:00 PM,3.9,7.1,225,12.5,92,1
15/11/19,08:00:00 PM,4.9,7.6,206,11.9,95,0
15/11/19,09:00:00 PM,6,7.1,179,13,88,
15/11/19,10:00:00 PM,2.2,3.8,265,10.3,95,0
15/11/19,11:00:00 PM,1.7,3,271,9.8,96,0
16/11/19,12:00:00 AM,1.5,2,226,9.8,98,0
16/11/19,01:00:00 AM,0.9,1.3,326,9.9,98,0
16/11/19,02:00:00 AM,1.2,1.6,0,10.2,98,
16/11/19,03:00:00 AM,0.7,1.1,72,10.7,98,0
16/11/19,04:00:00 AM,2.9,3.6,108,11.9,93,
16/11/19,05:00:00 AM,3.9,5,95,12.5,90,
16/11/19,06:00:00 AM,2.3,3.2,216,13.3,89,0
16/11/19,07:00:00 AM,4.1,5.9,233,11.9,88,1
16/11/19,08:00:00 AM,3.4,6.2,251,11.1,87,26
16/11/19,09:00:00 AM,2.7,4.6,264,10.3,92,128
16/11/19,10:00:00 AM,1.4,2.2,320,11.5,89,401
16/11/19,11:00:00 AM,2.6,3.9,312,11.8,85,279
16/11/19,12:00:00 PM,1.4,1.7,30,12.3,82,223
16/11/19,01:00:00 PM,3.1,3.7,76,12.1,86,133
16/11/19,02:00:00 PM,2.3,2.9,59,12.3,86,93
16/11/19,03:00:00 PM,2.7,3.4,10,12.2,87,38
16/11/19,04:00:00 PM,3.2,4.1,26,12.1,89,22
16/11/19,05:00:00 PM,3.6,4.8,39,11.9,91,0
16/11/19,06:00:00 PM,3.8,5.1,39,11.8,93,0
16/11/19,07:00:00 PM,3.8,5.3,32,11.7,94,0
16/11/19,08:00:00 PM,2.6,3.5,32,11.7,92,0
16/11/19,09:00:00 PM,5.2,6.7,50,11.7,87,0
16/11/19,10:00:00 PM,6.9,8.9,45,11.1,88,0
16/11/19,11:00:00 PM,6.5,8.9,36,10.6,94,0
17/11/19,12:00:00 AM,10.5,13.1,26,10,92,0
17/11/19,01:00:00 AM,10.2,15,31,10.6,88,0
17/11/19,02:00:00 AM,8.8,12.6,37,10.8,93,0
17/11/19,03:00:00 AM,7.7,10.2,45,11.5,93,0
17/11/19,04:00:00 AM,9,11.4,169,15.9,94,
17/11/19,05:00:00 AM,1.9,2.6,237,13.7,90,0
17/11/19,06:00:00 AM,4.1,7.3,252,12.8,91,2
17/11/19,07:00:00 AM,6.3,8.5,29,12.6,97,0
17/11/19,08:00:00 AM,4,5.5,17,12.4,98,1
17/11/19,09:00:00 AM,4.1,6.8,309,12.2,100,50
17/11/19,10:00:00 AM,6.4,8.1,24,12,98,57
17/11/19,11:00:00 AM,4.7,5.6,48,12.5,98,103
17/11/19,12:00:00 PM,2.5,3.5,51,14.1,93,71
17/11/19,01:00:00 PM,12.5,15,163,16.4,85,125
17/11/19,02:00:00 PM,10.6,12.5,168,16.5,76,38
17/11/19,03:00:00 PM,9.2,10.9,167,16.2,76,40
17/11/19,04:00:00 PM,6.4,7.3,177,15.4,81,9
17/11/19,05:00:00 PM,2,3.2,232,14.2,84,0
17/11/19,06:00:00 PM,1.2,1.9,224,13.5,85,0
17/11/19,07:00:00 PM,4.5,6.8,270,12.6,74,0
17/11/19,08:00:00 PM,3.9,6,269,12.2,69,0
17/11/19,09:00:00 PM,2.1,3.3,269,11.6,73,0
17/11/19,10:00:00 PM,2,3.3,246,11.7,71,0
17/11/19,11:00:00 PM,2.6,4.2,210,10.7,87,0
18/11/19,12:00:00 AM,2.9,6,210,10.2,87,0
18/11/19,01:00:00 AM,2.4,5.1,231,9.3,90,0
18/11/19,02:00:00 AM,2.1,3.4,249,8.9,92,
18/11/19,03:00:00 AM,3,4.3,245,8,94,
18/11/19,04:00:00 AM,2.5,3.5,254,8.4,89,
18/11/19,05:00:00 AM,2.2,3.6,255,8,90,0
18/11/19,06:00:00 AM,2.1,3.1,261,8.1,92,0
18/11/19,07:00:00 AM,1.7,2.6,259,7.4,91,0
18/11/19,08:00:00 AM,1.3,2.2,261,7.4,90,53
18/11/19,09:00:00 AM,1.1,1.7,296,7.9,88,100
18/11/19,10:00:00 AM,0.8,1.2,276,9.5,82,180
18/11/19,11:00:00 AM,1.8,2.3,18,11.4,76,394
18/11/19,12:00:00 PM,2.2,2.6,16,12.2,72,455
18/11/19,01:00:00 PM,1.4,1.9,43,13.3,68,395
18/11/19,02:00:00 PM,1.5,2.3,75,13,64,130
18/11/19,03:00:00 PM,2.5,3,36,12.4,69,83
18/11/19,04:00:00 PM,2.8,3.8,44,12.3,68,21
18/11/19,05:00:00 PM,3.4,4.4,48,12,78,0
18/11/19,06:00:00 PM,3.9,5.1,49,11.7,87,0
18/11/19,07:00:00 PM,4.8,5.9,25,11.1,86,0
18/11/19,08:00:00 PM,5.9,7.7,29,10.3,89,0
18/11/19,09:00:00 PM,6.7,8.7,14,10.3,87,0
18/11/19,10:00:00 PM,7.9,10.1,15,9.4,95,0
18/11/19,11:00:00 PM,8.8,10.6,25,9.4,96,0
19/11/19,12:00:00 AM,10.2,13.6,25,9.4,97,1
19/11/19,01:00:00 AM,8.5,11.8,32,9.1,93,0
19/11/19,02:00:00 AM,7.8,10.8,39,9.7,89,0
19/11/19,03:00:00 AM,8.2,11.5,34,10.2,90,0
19/11/19,04:00:00 AM,8.5,10.9,32,10.1,93,0
19/11/19,05:00:00 AM,9.2,12.3,39,10.2,94,0
19/11/19,06:00:00 AM,9.2,11.8,42,10.4,90,0
19/11/19,07:00:00 AM,6.6,9.5,35,10.5,94,0
19/11/19,08:00:00 AM,8.1,9.9,28,10.4,97,11
19/11/19,09:00:00 AM,7.2,10,39,10.4,99,37
19/11/19,10:00:00 AM,7.6,9.3,27,10.3,98,34
19/11/19,11:00:00 AM,7.2,8.8,24,10.6,98,50
19/11/19,12:00:00 PM,7.7,10.2,24,11.2,98,158
19/11/19,01:00:00 PM,8.2,10.3,25,11.5,95,73
19/11/19,02:00:00 PM,7.7,9.9,31,11.4,95,38
19/11/19,03:00:00 PM,6.6,8,24,11.3,98,79
19/11/19,04:00:00 PM,6.4,8.8,27,11.4,99,25
19/11/19,05:00:00 PM,5.9,7.5,31,11.4,98,0
19/11/19,06:00:00 PM,6.1,7.9,44,11.2,97,0
19/11/19,07:00:00 PM,5.8,7.1,38,11.2,95,0
19/11/19,08:00:00 PM,5,6.7,34,11.3,94,0
19/11/19,09:00:00 PM,6.3,8,40,11,94,0
19/11/19,10:00:00 PM,5.5,6.9,34,11.1,96,0
19/11/19,11:00:00 PM,6.4,7.4,26,11,96,0
20/11/19,12:00:00 AM,6,7.4,29,11,96,0
20/11/19,01:00:00 AM,5.2,7.3,41,11.3,92,0
20/11/19,02:00:00 AM,4.7,5.6,28,11,92,0
20/11/19,03:00:00 AM,5.2,6.5,22,10.8,93,0
20/11/19,04:00:00 AM,4.8,7,31,11.3,90,
20/11/19,05:00:00 AM,3.8,4.8,17,11.2,87,0
20/11/19,06:00:00 AM,4,5.2,328,10.9,88,0
20/11/19,07:00:00 AM,3.5,5.1,312,10.7,86,0
20/11/19,08:00:00 AM,4.1,6.1,323,10.9,83,37
20/11/19,09:00:00 AM,2.9,4.1,311,11.4,81,88
20/11/19,10:00:00 AM,2.6,4,313,11.8,82,178
20/11/19,11:00:00 AM,2.4,3,339,13,78,262
20/11/19,12:00:00 PM,2.6,3.1,291,13.6,77,223
20/11/19,01:00:00 PM,1.1,1.7,309,14.4,72,197
20/11/19,02:00:00 PM,1.8,2.4,14,14.7,66,125
20/11/19,03:00:00 PM,1.3,1.7,280,14.6,65,113
20/11/19,04:00:00 PM,0.7,1.1,231,15.3,61,62
20/11/19,05:00:00 PM,1.9,2.8,231,13.4,78,0
20/11/19,06:00:00 PM,2.2,4.1,249,12.2,90,0
20/11/19,07:00:00 PM,1.4,2.5,237,11.8,94,0
20/11/19,08:00:00 PM,1.7,2.7,232,11.2,95,0
20/11/19,09:00:00 PM,3.2,5.1,243,10.3,97,0
20/11/19,10:00:00 PM,2.4,4,252,9.7,99,0
20/11/19,11:00:00 PM,2.5,3.7,270,9.4,100,0
21/11/19,12:00:00 AM,1.4,2.3,254,9.3,100,0
21/11/19,01:00:00 AM,2.2,3.4,267,9,100,0
21/11/19,02:00:00 AM,1.1,2.7,265,9,100,0
21/11/19,03:00:00 AM,1.1,1.8,230,9.1,100,0
21/11/19,04:00:00 AM,1.7,2.8,281,9.1,100,0
21/11/19,05:00:00 AM,1,1.4,242,9.3,100,0
21/11/19,06:00:00 AM,1.1,1.7,274,9.2,100,0
21/11/19,07:00:00 AM,2.1,3.1,200,9.2,100,0
21/11/19,08:00:00 AM,0.5,1.1,257,9.2,100,11
21/11/19,09:00:00 AM,0.3,0.6,261,9.6,100,49
21/11/19,10:00:00 AM,1.5,2.1,253,9.7,100,53
21/11/19,11:00:00 AM,1.4,2.3,236,10,99,88
21/11/19,12:00:00 PM,1.6,2.3,265,10.4,97,82
21/11/19,01:00:00 PM,1.6,2.4,233,10.4,96,94
21/11/19,02:00:00 PM,1.2,2.3,274,10.8,94,79
21/11/19,03:00:00 PM,1,1.5,211,10.8,92,50
21/11/19,04:00:00 PM,1.3,1.7,21,10.7,92,18
21/11/19,05:00:00 PM,0.9,1.3,97,10.6,93,0
21/11/19,06:00:00 PM,1.2,1.8,40,10.4,93,0
21/11/19,07:00:00 PM,0.3,0.5,48,10.2,93,0
21/11/19,08:00:00 PM,0,0,,10.1,94,0
21/11/19,09:00:00 PM,1.9,2.5,32,10.2,94,0
21/11/19,10:00:00 PM,3.1,3.8,30,10,96,0
21/11/19,11:00:00 PM,3,3.9,24,9.9,96,0
22/11/19,12:00:00 AM,3.1,4,30,9.8,97,0
22/11/19,01:00:00 AM,4.3,4.9,31,10,97,
22/11/19,02:00:00 AM,3.9,4.9,35,9.8,98,0
22/11/19,03:00:00 AM,4.2,5.4,45,9.6,100,0
22/11/19,04:00:00 AM,4.5,5.9,33,9.9,100,0
22/11/19,05:00:00 AM,5.4,6.5,34,9.5,100,0
22/11/19,06:00:00 AM,4.8,5.7,32,10,100,0
22/11/19,07:00:00 AM,4.6,5.5,26,10.2,100,0
22/11/19,08:00:00 AM,4.2,5,48,10.7,100,83
22/11/19,09:00:00 AM,4.9,6.4,33,10.9,99,77
22/11/19,10:00:00 AM,4.3,5.5,30,11.2,99,365
22/11/19,11:00:00 AM,4.4,5.7,38,12,92,485
22/11/19,12:00:00 PM,4.5,6,41,12,90,90
22/11/19,01:00:00 PM,4.5,5.9,41,13.1,86,428
22/11/19,02:00:00 PM,4.8,6.2,48,12.9,86,278
22/11/19,03:00:00 PM,3.9,5.1,54,12.8,88,51
22/11/19,04:00:00 PM,4,5,64,12.2,89,23
22/11/19,05:00:00 PM,3,3.6,23,12.2,91,0
22/11/19,06:00:00 PM,3.4,4.3,45,12.2,90,0
22/11/19,07:00:00 PM,3.3,4.1,59,11.9,92,0
22/11/19,08:00:00 PM,3.3,4.6,62,12.1,92,
22/11/19,09:00:00 PM,4.1,5.2,45,11.6,94,0
22/11/19,10:00:00 PM,3.7,5.3,64,11.9,88,0
22/11/19,11:00:00 PM,4.3,5.8,49,11.7,94,0
23/11/19,12:00:00 AM,4.3,5.8,38,11.5,91,0
23/11/19,01:00:00 AM,5.4,6.8,39,11.1,95,0
23/11/19,02:00:00 AM,4.7,6.4,51,10.8,96,0
23/11/19,03:00:00 AM,4.9,6.1,55,10.8,95,0
23/11/19,04:00:00 AM,5.6,7.8,44,10.6,95,0
23/11/19,05:00:00 AM,6.3,7.7,39,10.5,97,0
23/11/19,06:00:00 AM,6.3,7.8,41,10.7,99,0
23/11/19,07:00:00 AM,5.9,7.4,32,11.1,100,0
23/11/19,08:00:00 AM,6.5,8.2,28,11.4,100,14
23/11/19,09:00:00 AM,7.9,9.5,43,11.7,99,27
23/11/19,10:00:00 AM,6.7,8.4,36,11.3,96,107
23/11/19,11:00:00 AM,7,9.3,30,11.2,97,25
23/11/19,12:00:00 PM,5.7,7.4,38,11.5,98,157
23/11/19,01:00:00 PM,6.2,7.5,25,12,97,241
23/11/19,02:00:00 PM,5.4,7.2,31,12.4,97,88
23/11/19,03:00:00 PM,5.3,6.7,23,12.4,98,79
23/11/19,04:00:00 PM,5.6,7.4,29,12.4,99,21
23/11/19,05:00:00 PM,6.2,7.9,26,12.7,99,0
23/11/19,06:00:00 PM,5.1,6.6,23,12.6,99,0
23/11/19,07:00:00 PM,3.9,4.7,10,13,99,0
23/11/19,08:00:00 PM,3.2,4.1,27,14.5,96,
23/11/19,09:00:00 PM,3.3,4.7,116,16.4,88,0
23/11/19,10:00:00 PM,4.9,6.3,143,16.5,87,0
23/11/19,11:00:00 PM,7.1,8.4,158,16.4,89,0
24/11/19,12:00:00 AM,5.7,6.3,178,15.6,92,0
24/11/19,01:00:00 AM,0.7,0.9,274,15.1,95,0
24/11/19,02:00:00 AM,4.2,5.3,8,14,97,0
24/11/19,03:00:00 AM,3.2,4.2,67,15,99,0
24/11/19,04:00:00 AM,7.8,9.9,107,16.3,91,0
24/11/19,05:00:00 AM,7.9,11.4,113,16.2,91,1
24/11/19,06:00:00 AM,5.9,7.9,94,15.7,89,0
24/11/19,07:00:00 AM,6.2,8.1,98,16.3,92,0
24/11/19,08:00:00 AM,5.6,6.9,45,14.3,91,16
24/11/19,09:00:00 AM,4.5,6.3,57,14.1,93,38
24/11/19,10:00:00 AM,6.1,7.6,61,13.8,93,17
24/11/19,11:00:00 AM,5.3,6.5,38,13.5,92,18
24/11/19,12:00:00 PM,5.8,8,52,14.5,87,52
24/11/19,01:00:00 PM,5,6.1,51,14.5,90,42
24/11/19,02:00:00 PM,6.3,8.4,97,15.7,92,59
24/11/19,03:00:00 PM,6.8,8.4,52,13.8,94,20
24/11/19,04:00:00 PM,6.8,8.7,52,13.3,97,9
24/11/19,05:00:00 PM,7,9.1,43,13,97,0
24/11/19,06:00:00 PM,7,9.6,44,12.9,97,0
24/11/19,07:00:00 PM,7.4,10,52,13.4,91,0
24/11/19,08:00:00 PM,8.4,11.1,38,13.3,89,0
24/11/19,09:00:00 PM,7.6,10.5,30,13.9,85,0
24/11/19,10:00:00 PM,7.3,9.9,27,13.8,86,0
24/11/19,11:00:00 PM,6.1,7.4,17,13.8,85,0
25/11/19,12:00:00 AM,6,7.4,23,13.7,86,0
25/11/19,01:00:00 AM,6.1,7.7,25,13.6,85,0
25/11/19,02:00:00 AM,4.9,6.2,32,13.5,84,0
25/11/19,03:00:00 AM,4.6,6,32,13.8,81,0
25/11/19,04:00:00 AM,3.4,4.6,40,13.4,83,0
25/11/19,05:00:00 AM,5.4,6.9,33,13.3,81,0
25/11/19,06:00:00 AM,5.5,6.2,19,12.9,84,0
25/11/19,07:00:00 AM,5.1,6,28,12.6,85,0
25/11/19,08:00:00 AM,5,6.1,25,12.7,83,44
25/11/19,09:00:00 AM,4.9,5.9,16,13,82,214
25/11/19,10:00:00 AM,5.7,7,12,14.2,76,353
25/11/19,11:00:00 AM,4.1,5.4,27,14.9,73,405
25/11/19,12:00:00 PM,4.7,5.5,20,15.6,71,385
25/11/19,01:00:00 PM,2.6,3.2,28,16.7,67,388
25/11/19,02:00:00 PM,1.3,2.1,19,18,63,281
25/11/19,03:00:00 PM,1.4,1.6,268,17.4,64,156
25/11/19,04:00:00 PM,2.3,3,267,16.1,73,29
25/11/19,05:00:00 PM,3,3.9,264,15.8,72,
25/11/19,06:00:00 PM,2,2.6,270,15.2,78,0
25/11/19,07:00:00 PM,2.8,3.8,298,15.8,77,
25/11/19,08:00:00 PM,2.5,4.3,318,15.3,77,
25/11/19,09:00:00 PM,3.9,4.8,26,14.1,78,1
25/11/19,10:00:00 PM,1.5,1.8,48,12.6,85,0
25/11/19,11:00:00 PM,2,2.8,28,12.1,84,
26/11/19,12:00:00 AM,2.7,3.3,42,11.1,86,0
26/11/19,01:00:00 AM,2.6,3.5,13,10.4,85,0
26/11/19,02:00:00 AM,3.4,4.2,23,10.2,86,
26/11/19,03:00:00 AM,3.7,4.3,23,10,84,0
26/11/19,04:00:00 AM,3.6,4.3,18,9.8,86,0
26/11/19,05:00:00 AM,3,3.6,26,9.8,87,
26/11/19,06:00:00 AM,4.2,5.1,18,9.6,85,
26/11/19,07:00:00 AM,4.5,5.3,20,9.4,88,0
26/11/19,08:00:00 AM,4.2,5.1,18,9.6,86,65
26/11/19,09:00:00 AM,4.7,5.8,29,10.5,84,193
26/11/19,10:00:00 AM,5.8,7,26,11.2,79,324
26/11/19,11:00:00 AM,4.7,5.8,26,11.9,77,407
26/11/19,12:00:00 PM,4,4.9,41,12.7,75,403
26/11/19,01:00:00 PM,2.9,4.5,15,13.1,75,351
26/11/19,02:00:00 PM,2.7,3.5,37,13.1,75,162
26/11/19,03:00:00 PM,2,2.6,34,13.3,76,114
26/11/19,04:00:00 PM,2.3,2.9,20,13.3,75,28
26/11/19,05:00:00 PM,1.6,2,359,13,77,0
26/11/19,06:00:00 PM,1.9,2.6,337,12.8,78,
26/11/19,07:00:00 PM,2.2,3.2,345,12.5,77,
26/11/19,08:00:00 PM,2.6,3.3,21,11.9,76,0
26/11/19,09:00:00 PM,4.5,5.5,10,11.3,77,
26/11/19,10:00:00 PM,3.9,5,22,10.4,80,0
26/11/19,11:00:00 PM,4.1,5.1,22,9.9,82,
27/11/19,12:00:00 AM,3.6,4.7,2,9.3,83,0
27/11/19,01:00:00 AM,2.3,3.4,9,9.2,84,0
27/11/19,02:00:00 AM,2.7,3.7,22,9.6,84,0
27/11/19,03:00:00 AM,3.3,3.9,26,9.8,85,0
27/11/19,04:00:00 AM,2,2.5,30,9.6,86,0
27/11/19,05:00:00 AM,0.8,1.1,85,9.7,88,0
27/11/19,06:00:00 AM,1.4,1.9,63,9.7,89,0
27/11/19,07:00:00 AM,1.9,2.3,26,10,90,0
27/11/19,08:00:00 AM,0.8,1.1,34,10.2,87,5
27/11/19,09:00:00 AM,2.6,3.1,51,10.2,87,29
27/11/19,10:00:00 AM,3.1,3.6,48,10.4,89,55
27/11/19,11:00:00 AM,3.6,4.7,16,10.5,92,54
27/11/19,12:00:00 PM,3.9,4.9,28,10.9,92,36
27/11/19,01:00:00 PM,5.5,6.5,31,10.4,95,41
27/11/19,02:00:00 PM,3.8,5.4,30,10.6,94,20
27/11/19,03:00:00 PM,5.4,7,58,10.9,95,14
27/11/19,04:00:00 PM,5,6,39,11,98,8
27/11/19,05:00:00 PM,5.3,6.5,26,11.1,99,0
27/11/19,06:00:00 PM,5.1,6.3,39,11.1,100,0
27/11/19,07:00:00 PM,5.1,5.9,21,11.1,100,0
27/11/19,08:00:00 PM,5.3,6.1,24,11,100,0
27/11/19,09:00:00 PM,4.9,6.7,17,11,100,0
27/11/19,10:00:00 PM,3.1,4.8,349,10.7,100,0
27/11/19,11:00:00 PM,2.3,3.4,286,10.7,100,0
28/11/19,12:00:00 AM,2.1,2.7,294,10.7,100,0
28/11/19,01:00:00 AM,0.8,1.3,263,10.9,100,0
28/11/19,02:00:00 AM,3,4.8,213,11.1,100,0
28/11/19,03:00:00 AM,2,5.3,225,10.6,100,0
28/11/19,04:00:00 AM,3.7,7,267,10.3,100,0
28/11/19,05:00:00 AM,1.6,3,256,10.4,100,0
28/11/19,06:00:00 AM,1.4,2.5,231,10.5,100,0
28/11/19,07:00:00 AM,1.8,4,227,10.6,100,0
28/11/19,08:00:00 AM,2.5,3.1,198,10.2,100,14
28/11/19,09:00:00 AM,2.7,3.8,206,10.2,100,47
28/11/19,10:00:00 AM,2.2,4.9,231,9.7,100,21
28/11/19,11:00:00 AM,2.1,3.1,241,9.8,100,92
28/11/19,12:00:00 PM,1.9,3.1,233,10,100,50
28/11/19,01:00:00 PM,2.6,3.7,206,10.3,100,58
28/11/19,02:00:00 PM,2.4,3.1,208,10.4,99,52
28/11/19,03:00:00 PM,1.5,2.7,250,10.7,97,38
28/11/19,04:00:00 PM,1.7,2.4,277,10.7,94,15
28/11/19,05:00:00 PM,1.1,1.6,263,10.7,92,0
28/11/19,06:00:00 PM,1.6,2.4,278,10.8,90,0
28/11/19,07:00:00 PM,1.8,3,242,10.7,90,0
28/11/19,08:00:00 PM,2.6,4.2,271,10.8,93,0
28/11/19,09:00:00 PM,1.9,3,260,10.5,96,0
28/11/19,10:00:00 PM,2.1,3.6,241,10.5,96,0
28/11/19,11:00:00 PM,3.2,5.2,257,10.3,97,0
29/11/19,12:00:00 AM,3.1,4.6,276,10.2,98,0
29/11/19,01:00:00 AM,1.5,2.3,286,9.9,98,
29/11/19,02:00:00 AM,1.3,1.8,249,9.9,98,0
29/11/19,03:00:00 AM,1.6,2.5,218,10,98,0
29/11/19,04:00:00 AM,2.3,3.4,243,10.2,98,0
29/11/19,05:00:00 AM,0.4,1.5,308,10.2,98,0
29/11/19,06:00:00 AM,0.6,0.9,274,10.1,94,0
29/11/19,07:00:00 AM,1.7,2.9,323,10.2,93,0
29/11/19,08:00:00 AM,0.6,0.8,321,9.9,97,24
29/11/19,09:00:00 AM,0.8,1.4,101,10.2,97,78
29/11/19,10:00:00 AM,0.1,0.4,,10.6,93,132
29/11/19,11:00:00 AM,0.3,0.8,47,11.2,90,91
29/11/19,12:00:00 PM,0.5,1.2,183,12.2,89,514
29/11/19,01:00:00 PM,2.2,2.8,48,11.2,91,87
29/11/19,02:00:00 PM,0.9,1.4,204,11,90,40
29/11/19,03:00:00 PM,0.2,0.6,246,11,91,11
29/11/19,04:00:00 PM,1,1.3,1,11.4,89,33
29/11/19,05:00:00 PM,1.8,2.5,311,11.1,91,0
29/11/19,06:00:00 PM,2.4,3.5,315,10.8,92,0
29/11/19,07:00:00 PM,2.5,3.1,305,10.6,92,
29/11/19,08:00:00 PM,1.9,2.8,293,10.6,90,
29/11/19,09:00:00 PM,2.3,3.7,290,10.2,93,0
29/11/19,10:00:00 PM,2.7,4.2,272,9.4,95,0
29/11/19,11:00:00 PM,2.8,4.4,262,8.5,98,0
30/11/19,12:00:00 AM,2.7,3.9,296,7.4,100,0
30/11/19,01:00:00 AM,2.7,5.3,277,7.8,100,0
30/11/19,02:00:00 AM,1.3,2.8,284,7.9,100,0
30/11/19,03:00:00 AM,1.7,2.5,285,7.7,100,0
30/11/19,04:00:00 AM,1,1.8,281,7.8,100,0
30/11/19,05:00:00 AM,1.6,2.5,272,7.8,100,0
30/11/19,06:00:00 AM,0.6,1.3,251,7.4,100,0
30/11/19,07:00:00 AM,1.2,1.8,253,7.5,100,0
30/11/19,08:00:00 AM,0.6,0.9,239,7.5,100,7
30/11/19,09:00:00 AM,0.8,1.3,277,7.7,100,28
30/11/19,10:00:00 AM,0.6,0.9,53,7.9,100,87
30/11/19,11:00:00 AM,2.2,3.2,349,8.5,100,192
30/11/19,12:00:00 PM,2.9,4.3,328,8.7,100,384
30/11/19,01:00:00 PM,2.3,3.5,0,8.8,96,99
30/11/19,02:00:00 PM,1.8,2.1,26,9.1,92,128
30/11/19,03:00:00 PM,3,3.7,34,9.6,91,77
30/11/19,04:00:00 PM,1.7,2,61,9.6,93,17
30/11/19,05:00:00 PM,3.1,3.8,3,9.9,94,0
30/11/19,06:00:00 PM,3.9,4.5,6,10.2,92,0
30/11/19,07:00:00 PM,5,5.9,43,10.4,77,0
30/11/19,08:00:00 PM,4.2,5.7,34,9.8,78,0
30/11/19,09:00:00 PM,5.8,6.8,21,9.1,80,0
30/11/19,10:00:00 PM,6.2,7.6,34,8.8,80,0
30/11/19,11:00:00 PM,5.7,7.4,32,8.9,77,0
01/12/19,12:00:00 AM,5.5,6.9,30,8.6,76,0
01/12/19,01:00:00 AM,6.5,8.2,27,8.5,74,0
01/12/19,02:00:00 AM,6.3,7.7,35,8.3,75,0
01/12/19,03:00:00 AM,5.6,7.7,36,8,78,0
01/12/19,04:00:00 AM,5.4,6.7,37,8.2,75,0
01/12/19,05:00:00 AM,5.4,6.5,36,8.1,73,0
01/12/19,06:00:00 AM,5.7,6.6,24,7.8,73,0
01/12/19,07:00:00 AM,5,6.7,38,7.9,73,0
01/12/19,08:00:00 AM,5.2,6.3,38,8,73,8
01/12/19,09:00:00 AM,6.6,8.2,43,8.1,70,36
01/12/19,10:00:00 AM,5.8,7.6,34,8.5,71,105
01/12/19,11:00:00 AM,7,8.8,30,8.6,70,76
01/12/19,12:00:00 PM,5.9,7.8,35,9.1,73,44
01/12/19,01:00:00 PM,6.3,8.1,39,9.1,70,46
01/12/19,02:00:00 PM,6.3,7.9,40,9.4,72,18
01/12/19,03:00:00 PM,6.4,8,34,9.5,71,26
01/12/19,04:00:00 PM,6.7,8.4,40,9.6,71,4
01/12/19,05:00:00 PM,6.8,8.8,37,9.3,73,0
01/12/19,06:00:00 PM,6.7,8.2,33,9,77,0
01/12/19,07:00:00 PM,6.2,7.4,25,8.8,81,1
01/12/19,08:00:00 PM,6.2,7.7,26,8.4,86,0
01/12/19,09:00:00 PM,6.9,8.4,27,7.9,92,0
01/12/19,10:00:00 PM,7.1,9,26,7.9,95,0
01/12/19,11:00:00 PM,7.9,9.6,31,8,98,0
02/12/19,12:00:00 AM,7.1,8.8,29,8.4,99,0
02/12/19,01:00:00 AM,7.1,8.8,24,8.5,99,0
02/12/19,02:00:00 AM,6.4,7.2,25,8.8,100,0
02/12/19,03:00:00 AM,6,7.4,25,8.9,100,0
02/12/19,04:00:00 AM,6,6.9,27,8.8,100,0
02/12/19,05:00:00 AM,4.7,6,1,8.9,100,0
02/12/19,06:00:00 AM,3.3,4.8,343,8.8,100,0
02/12/19,07:00:00 AM,2.8,4,325,8.8,100,0
02/12/19,08:00:00 AM,1.2,2.4,304,8.7,100,7
02/12/19,09:00:00 AM,2.3,3.2,303,8.8,100,14
02/12/19,10:00:00 AM,3.5,5.3,286,9.1,100,36
02/12/19,11:00:00 AM,2.9,4.6,262,9.2,100,52
02/12/19,12:00:00 PM,1.7,3.2,260,9.9,100,126
02/12/19,01:00:00 PM,1.8,2.8,303,10.6,98,166
02/12/19,02:00:00 PM,1.9,2.8,312,10.5,95,82
02/12/19,03:00:00 PM,1.7,3.3,266,9.9,96,40
02/12/19,04:00:00 PM,2,3.1,267,9.8,98,10
02/12/19,05:00:00 PM,1,1.8,22,10.2,98,0
02/12/19,06:00:00 PM,3.8,5.4,68,10.4,98,0
02/12/19,07:00:00 PM,6.4,9.5,62,11.5,82,0
02/12/19,08:00:00 PM,5.3,7.5,48,11.1,81,0
02/12/19,09:00:00 PM,6.2,8.1,43,10.1,82,0
02/12/19,10:00:00 PM,6.6,8.6,39,9.8,81,0
02/12/19,11:00:00 PM,5.5,7.1,42,9.2,82,0
03/12/19,12:00:00 AM,6.5,8.6,38,8.9,79,0
03/12/19,01:00:00 AM,5.9,7.8,44,8.6,77,0
03/12/19,02:00:00 AM,6,8.5,38,8.5,74,0
03/12/19,03:00:00 AM,4.6,6.5,39,8,78,0
03/12/19,04:00:00 AM,5.2,6.7,36,7.9,79,0
03/12/19,05:00:00 AM,4.4,5.7,41,7.3,79,0
03/12/19,06:00:00 AM,5.6,6.9,26,6.6,82,0
03/12/19,07:00:00 AM,3.9,5,23,6.8,81,0
03/12/19,08:00:00 AM,4.1,5.3,15,5.7,82,53
03/12/19,09:00:00 AM,4.9,5.9,31,5.9,78,198
03/12/19,10:00:00 AM,4.8,6.2,30,7.5,74,317
03/12/19,11:00:00 AM,5.9,8.5,35,7.7,67,394
03/12/19,12:00:00 PM,6.3,7.4,42,8.2,60,413
03/12/19,01:00:00 PM,5.7,6.7,34,8.8,60,371
03/12/19,02:00:00 PM,5.3,7.3,43,9,54,277
03/12/19,03:00:00 PM,5.4,7,44,9.1,53,147
03/12/19,04:00:00 PM,5.5,7.2,40,8.8,56,24
03/12/19,05:00:00 PM,4.8,6.1,42,8.2,60,0
03/12/19,06:00:00 PM,4.8,6.9,47,7.9,65,
03/12/19,07:00:00 PM,4.7,6.2,50,7.4,65,0
03/12/19,08:00:00 PM,4.6,6.1,49,7.2,66,0
03/12/19,09:00:00 PM,5.4,6.8,49,6.9,66,0
03/12/19,10:00:00 PM,4.9,6.4,43,6.9,67,
03/12/19,11:00:00 PM,4,5.8,53,6.5,64,
04/12/19,12:00:00 AM,4.6,6.2,31,6.2,70,0
04/12/19,01:00:00 AM,4.3,5.4,24,4.9,74,0
04/12/19,02:00:00 AM,5.8,7.2,37,5.4,70,
04/12/19,03:00:00 AM,5.1,7.3,42,5,75,
04/12/19,04:00:00 AM,5.1,7.1,42,5.2,74,
04/12/19,05:00:00 AM,4.2,5.6,36,4.7,77,0
04/12/19,06:00:00 AM,4.4,5.3,47,5,71,
04/12/19,07:00:00 AM,5.1,6.6,14,3.2,83,0
04/12/19,08:00:00 AM,5.2,6.1,20,3.5,84,46
04/12/19,09:00:00 AM,4.5,5.8,37,4.5,77,188
04/12/19,10:00:00 AM,6.3,8.4,45,5.6,71,312
04/12/19,11:00:00 AM,7.2,9.6,36,6,66,391
04/12/19,12:00:00 PM,5.8,8.1,40,6.4,65,408
04/12/19,01:00:00 PM,5.4,7.2,30,7.2,61,371
04/12/19,02:00:00 PM,4.1,5.4,24,7.6,58,274
04/12/19,03:00:00 PM,3.2,3.9,22,8,57,144
04/12/19,04:00:00 PM,1.5,2.7,339,7.7,57,22
04/12/19,05:00:00 PM,2.6,4.3,313,7.4,60,
04/12/19,06:00:00 PM,2.9,4.1,327,7.2,62,
04/12/19,07:00:00 PM,3.4,5.2,327,6.7,64,
04/12/19,08:00:00 PM,2.6,4.1,295,6.4,68,
04/12/19,09:00:00 PM,2.4,3.3,287,6.1,74,
04/12/19,10:00:00 PM,3.4,4.7,311,5.8,69,
04/12/19,11:00:00 PM,2.1,2.5,307,5.6,70,
05/12/19,12:00:00 AM,1,1.7,328,4.4,80,
05/12/19,01:00:00 AM,2.4,2.9,333,4.4,81,
05/12/19,02:00:00 AM,1.7,2.4,0,3.7,85,0
05/12/19,03:00:00 AM,3.4,4.2,22,3.9,80,
05/12/19,04:00:00 AM,4.3,5.2,28,3.8,79,
05/12/19,05:00:00 AM,3.5,4.2,13,3.2,77,0
05/12/19,06:00:00 AM,2.3,3.2,334,2.9,74,
05/12/19,07:00:00 AM,4,5.2,358,3,73,
05/12/19,08:00:00 AM,3.5,5,1,2.9,75,17
05/12/19,09:00:00 AM,5.1,6.4,10,3.9,69,193
05/12/19,10:00:00 AM,3.3,4.5,15,4.8,68,314
05/12/19,11:00:00 AM,6.3,7.4,15,5.1,66,384
05/12/19,12:00:00 PM,5.1,5.9,15,6.8,61,400
05/12/19,01:00:00 PM,5.2,6.3,15,7.7,60,362
05/12/19,02:00:00 PM,4.6,5.4,25,8.4,55,269
05/12/19,03:00:00 PM,3,3.6,15,8.9,54,139
05/12/19,04:00:00 PM,2.2,2.5,28,8.5,56,19
05/12/19,05:00:00 PM,1.3,1.6,3,8,59,0
05/12/19,06:00:00 PM,2.1,2.4,6,7.8,59,
05/12/19,07:00:00 PM,2,2.6,332,7.5,60,
05/12/19,08:00:00 PM,1.7,2.8,345,7,61,0
05/12/19,09:00:00 PM,2.3,2.9,343,7.1,59,0
05/12/19,10:00:00 PM,1.1,2.1,338,6.5,64,0
05/12/19,11:00:00 PM,1.5,2.3,350,6.4,64,0
06/12/19,12:00:00 AM,1.3,1.8,0,6.4,68,0
06/12/19,01:00:00 AM,2.2,2.7,21,5.6,73,0
06/12/19,02:00:00 AM,1.5,2.1,356,5.9,73,0
06/12/19,03:00:00 AM,1.8,2.2,342,5.8,73,0
06/12/19,04:00:00 AM,3,4.5,341,5.1,76,0
06/12/19,05:00:00 AM,2.1,3.2,345,5,79,0
06/12/19,06:00:00 AM,2.2,2.6,359,5.1,83,0
06/12/19,07:00:00 AM,1.9,2.7,358,5.6,80,0
06/12/19,08:00:00 AM,1.8,2.5,358,5.9,80,10
06/12/19,09:00:00 AM,2.7,3.6,4,6.2,77,56
06/12/19,10:00:00 AM,3.3,4,20,7.1,73,164
06/12/19,11:00:00 AM,2.3,2.8,17,7.9,72,238
06/12/19,12:00:00 PM,1.7,2.3,338,8.3,69,153
06/12/19,01:00:00 PM,0,0,,9.5,68,128
06/12/19,02:00:00 PM,1.7,2.2,225,8.9,73,137
06/12/19,03:00:00 PM,1.4,2.1,222,8.7,75,59
06/12/19,04:00:00 PM,1.5,2,255,8.6,77,12
06/12/19,05:00:00 PM,1.9,2.9,267,8.2,78,0
06/12/19,06:00:00 PM,2.3,3.6,271,7.9,78,0
06/12/19,07:00:00 PM,2.1,3.2,271,7.6,82,0
06/12/19,08:00:00 PM,2,3.6,274,7.4,83,0
06/12/19,09:00:00 PM,1.7,2.6,281,7.3,81,0
06/12/19,10:00:00 PM,1.7,2.7,318,7.3,81,0
06/12/19,11:00:00 PM,2.1,3,286,7.1,82,0
07/12/19,12:00:00 AM,1.9,3.1,284,6.9,83,0
07/12/19,01:00:00 AM,2.3,3.3,294,6.8,83,0
07/12/19,02:00:00 AM,1.2,1.8,288,6.5,82,0
07/12/19,03:00:00 AM,0.4,0.8,269,6.2,86,0
07/12/19,04:00:00 AM,1.2,1.9,258,5.9,90,
07/12/19,05:00:00 AM,1.2,1.7,286,5.9,93,
07/12/19,06:00:00 AM,0.8,1.6,337,5.9,92,0
07/12/19,07:00:00 AM,1,1.4,310,5.8,92,0
07/12/19,08:00:00 AM,1.3,1.8,352,5.2,92,14
07/12/19,09:00:00 AM,1.2,2.2,347,5,91,49
07/12/19,10:00:00 AM,0.6,0.9,305,6.2,89,134
07/12/19,11:00:00 AM,1,1.6,345,7.4,82,406
07/12/19,12:00:00 PM,2.2,3.4,268,7.8,75,400
07/12/19,01:00:00 PM,0.8,1.5,323,9,73,321
07/12/19,02:00:00 PM,1.5,2,170,8.1,76,244
07/12/19,03:00:00 PM,0.9,1.2,163,8.3,75,127
07/12/19,04:00:00 PM,1.2,1.6,23,8.3,75,22
07/12/19,05:00:00 PM,1.3,1.5,82,7.9,78,
07/12/19,06:00:00 PM,0.4,0.7,178,7.8,79,
07/12/19,07:00:00 PM,1.1,1.4,268,7.9,82,
07/12/19,08:00:00 PM,1.7,2.4,308,7.8,84,0
07/12/19,09:00:00 PM,1.4,2,328,7.4,82,0
07/12/19,10:00:00 PM,1.9,2.8,347,7,84,0
07/12/19,11:00:00 PM,2.2,2.7,340,6.3,88,
08/12/19,12:00:00 AM,2.1,2.7,352,6.2,89,
08/12/19,01:00:00 AM,2.8,3.8,338,6.1,89,
08/12/19,02:00:00 AM,2.1,3.3,341,6.6,84,
08/12/19,03:00:00 AM,3,4.3,338,6.2,84,0
08/12/19,04:00:00 AM,2.5,2.9,2,6.2,84,
08/12/19,05:00:00 AM,0.1,0.7,,5.2,85,0
08/12/19,06:00:00 AM,1.1,1.6,340,5.8,85,0
08/12/19,07:00:00 AM,0.9,1.2,310,5.9,87,
08/12/19,08:00:00 AM,1.2,2,347,5.9,84,32
08/12/19,09:00:00 AM,1.9,2.6,255,6.1,84,145
08/12/19,10:00:00 AM,2.3,3,266,5.9,86,134
08/12/19,11:00:00 AM,1.4,2.2,261,7.6,80,392
08/12/19,12:00:00 PM,1.3,2,265,7.8,77,136
08/12/19,01:00:00 PM,2,2.6,213,8.6,75,340
08/12/19,02:00:00 PM,1.9,2.8,199,8.2,81,229
08/12/19,03:00:00 PM,1.3,1.8,217,8.5,82,122
08/12/19,04:00:00 PM,1.4,1.9,190,8,84,26
08/12/19,05:00:00 PM,2,2.7,207,7.7,87,0
08/12/19,06:00:00 PM,0.8,1.3,251,7.8,84,0
08/12/19,07:00:00 PM,0.5,1,244,8.2,83,0
08/12/19,08:00:00 PM,1.4,2.2,354,8.1,86,0
08/12/19,09:00:00 PM,1.1,2,350,7.8,88,0
08/12/19,10:00:00 PM,1.1,1.4,8,7.7,87,0
08/12/19,11:00:00 PM,2.6,3.7,353,7.4,87,0
09/12/19,12:00:00 AM,2.5,3.1,5,7.2,89,0
09/12/19,01:00:00 AM,2.3,2.9,25,7.4,89,0
09/12/19,02:00:00 AM,1.9,2.5,18,7.4,89,0
09/12/19,03:00:00 AM,1,1.3,11,7.2,89,0
09/12/19,04:00:00 AM,1.5,2.2,332,7.3,88,0
09/12/19,05:00:00 AM,0.9,1.4,350,7,89,0
09/12/19,06:00:00 AM,1.5,1.9,25,6.8,90,0
09/12/19,07:00:00 AM,3,3.5,22,7.1,90,0
09/12/19,08:00:00 AM,2.2,2.6,16,7.3,91,10
09/12/19,09:00:00 AM,2.4,2.7,26,7.5,91,32
09/12/19,10:00:00 AM,3.8,4.6,21,7.3,91,108
09/12/19,11:00:00 AM,3.4,4.1,25,7.5,90,40
09/12/19,12:00:00 PM,2.7,3.9,343,7.7,88,22
09/12/19,01:00:00 PM,3.1,4.5,342,7.8,88,34
09/12/19,02:00:00 PM,3.1,4.1,343,7.8,87,64
09/12/19,03:00:00 PM,3.3,4.1,332,8.3,84,81
09/12/19,04:00:00 PM,1.2,1.8,355,8.4,84,19
09/12/19,05:00:00 PM,1.7,2.5,227,8,86,0
09/12/19,06:00:00 PM,2.9,4.7,272,7.6,89,0
09/12/19,07:00:00 PM,1.3,3,280,7.4,88,
09/12/19,08:00:00 PM,1.3,2.1,287,7.1,87,
09/12/19,09:00:00 PM,1.7,2.5,306,7.1,88,
09/12/19,10:00:00 PM,2.2,3.8,280,6.4,93,0
09/12/19,11:00:00 PM,1.8,2.5,301,6.6,94,
10/12/19,12:00:00 AM,1.9,2.7,314,6.4,89,
10/12/19,01:00:00 AM,3.7,4.3,12,5.5,88,0
10/12/19,02:00:00 AM,4.1,5.2,22,5.7,90,
10/12/19,03:00:00 AM,3.3,4.3,15,6.2,90,0
10/12/19,04:00:00 AM,3.2,4.7,349,6,87,
10/12/19,05:00:00 AM,2.6,3.4,347,5.8,84,
10/12/19,06:00:00 AM,2.7,3.8,336,5.8,83,
10/12/19,07:00:00 AM,1.8,2.5,353,6,83,0
10/12/19,08:00:00 AM,1.4,2,347,6.5,83,35
10/12/19,09:00:00 AM,0.3,1.1,96,8.6,79,169
10/12/19,10:00:00 AM,0.9,1.4,253,8.8,80,281
10/12/19,11:00:00 AM,0,0.2,,11.6,69,360
10/12/19,12:00:00 PM,1.1,1.6,269,11.2,71,387
10/12/19,01:00:00 PM,1.3,1.9,271,11.4,68,347
10/12/19,02:00:00 PM,2,2.8,172,10.2,72,266
10/12/19,03:00:00 PM,0.7,0.9,277,11.8,70,136
10/12/19,04:00:00 PM,0.6,1,184,10.4,76,23
10/12/19,05:00:00 PM,0,0,,10,74,
10/12/19,06:00:00 PM,2.5,2.8,25,9.3,83,
10/12/19,07:00:00 PM,4.1,5.5,60,9.7,73,0
10/12/19,08:00:00 PM,3.7,5.4,74,9.4,67,
10/12/19,09:00:00 PM,5.6,8.3,66,9.7,56,0
10/12/19,10:00:00 PM,3.3,4.3,51,7.7,68,0
10/12/19,11:00:00 PM,3.2,4.4,47,7.4,65,
11/12/19,12:00:00 AM,3,4,355,5.9,73,0
11/12/19,01:00:00 AM,3.8,4.6,0,5.2,68,0
11/12/19,02:00:00 AM,4.1,5.4,16,5.1,65,
11/12/19,03:00:00 AM,4.6,6.3,44,5.6,59,
11/12/19,04:00:00 AM,3.7,4.5,17,4.8,62,0
11/12/19,05:00:00 AM,3.8,5,14,4.5,64,0
11/12/19,06:00:00 AM,4.2,5.2,22,4.1,64,
11/12/19,07:00:00 AM,4.7,6.2,29,4.6,55,0
11/12/19,08:00:00 AM,5.3,6.5,26,3.7,64,39
11/12/19,09:00:00 AM,4.1,5.1,2,4.2,60,191
11/12/19,10:00:00 AM,4.3,5.4,23,4.7,57,317
11/12/19,11:00:00 AM,3.9,5.3,357,5.2,54,395
11/12/19,12:00:00 PM,2.3,3.8,17,6.9,44,419
11/12/19,01:00:00 PM,2.3,3.2,13,7,46,333
11/12/19,02:00:00 PM,3.7,4.7,31,6.8,45,287
11/12/19,03:00:00 PM,2.9,4.2,352,7.1,44,148
11/12/19,04:00:00 PM,2.7,3.7,338,6.7,45,27
11/12/19,05:00:00 PM,0.5,1,4,6.2,47,
11/12/19,06:00:00 PM,1.6,2.2,348,6.2,49,
11/12/19,07:00:00 PM,1.5,1.9,290,5.7,54,
11/12/19,08:00:00 PM,1.3,1.7,325,5.9,50,
11/12/19,09:00:00 PM,1.1,1.9,300,5.6,58,
11/12/19,10:00:00 PM,1.8,2.5,293,4.8,60,
11/12/19,11:00:00 PM,1.4,2.2,333,4.2,64,
12/12/19,12:00:00 AM,2.8,3.8,354,3.5,63,0
12/12/19,01:00:00 AM,1.9,2.5,351,3,70,0
12/12/19,02:00:00 AM,2.4,3,5,2.8,70,0
12/12/19,03:00:00 AM,1.9,2.6,29,3.7,74,
12/12/19,04:00:00 AM,2.2,2.8,357,3.7,58,
12/12/19,05:00:00 AM,3,3.7,358,2.7,65,0
12/12/19,06:00:00 AM,2.7,3.6,355,2.3,66,0
12/12/19,07:00:00 AM,4.1,5.5,5,2.6,69,0
12/12/19,08:00:00 AM,5,6.4,13,2.7,68,6
12/12/19,09:00:00 AM,5.7,6.8,21,2.7,76,28
12/12/19,10:00:00 AM,6,8.1,30,3.5,76,43
12/12/19,11:00:00 AM,5.3,7.6,37,3.8,79,20
12/12/19,12:00:00 PM,4,5.2,289,2.6,84,18
12/12/19,01:00:00 PM,3.4,4.7,336,2.5,89,35
12/12/19,02:00:00 PM,1.9,3,338,3.2,86,27
12/12/19,03:00:00 PM,1.2,1.8,285,3.7,86,30
12/12/19,04:00:00 PM,5.2,6.6,3,4,84,6
12/12/19,05:00:00 PM,5.6,7.2,18,3.9,84,0
12/12/19,06:00:00 PM,4,5.8,339,3.3,90,0
12/12/19,07:00:00 PM,4,6.3,320,3.1,94,0
12/12/19,08:00:00 PM,4.5,6.3,316,3.1,97,0
12/12/19,09:00:00 PM,3.6,5.9,320,3.3,98,0
12/12/19,10:00:00 PM,3.7,5.1,322,3.3,95,0
12/12/19,11:00:00 PM,2.6,4.3,311,3.5,93,0
13/12/19,12:00:00 AM,2.4,3.3,262,3.5,95,0
13/12/19,01:00:00 AM,2.6,4,250,3.4,96,0
13/12/19,02:00:00 AM,1.4,2,233,2.8,97,0
13/12/19,03:00:00 AM,1.9,2.4,254,2.3,97,0
13/12/19,04:00:00 AM,0.9,1.2,235,2.1,98,0
13/12/19,05:00:00 AM,1.3,1.8,197,1.9,99,0
13/12/19,06:00:00 AM,2.1,3.9,261,2.1,100,0
13/12/19,07:00:00 AM,0,0,,2,100,0
13/12/19,08:00:00 AM,2.6,3.4,14,2.8,100,2
13/12/19,09:00:00 AM,4.6,5.7,29,2.6,100,13
13/12/19,10:00:00 AM,9.6,11.3,25,2.3,100,28
13/12/19,11:00:00 AM,9.2,11.9,25,2.7,100,19
13/12/19,12:00:00 PM,9.3,11.7,35,3.1,100,20
13/12/19,01:00:00 PM,11.8,14.2,32,2.7,99,24
13/12/19,02:00:00 PM,10.9,15.5,34,3,99,10
13/12/19,03:00:00 PM,8.9,12.7,22,3.7,99,9
13/12/19,04:00:00 PM,9.1,12,3,4.2,97,3
13/12/19,05:00:00 PM,5.8,8.6,347,4.6,97,0
13/12/19,06:00:00 PM,5.6,7.8,295,5,96,0
13/12/19,07:00:00 PM,4.8,6.8,309,5.2,96,
13/12/19,08:00:00 PM,4.3,6.2,339,5.2,95,0
13/12/19,09:00:00 PM,3.1,4.5,288,5,94,0
13/12/19,10:00:00 PM,3.6,5.4,284,4.2,95,0
13/12/19,11:00:00 PM,6,8.1,270,3.8,95,0
14/12/19,12:00:00 AM,4.2,5.9,261,3.3,95,0
14/12/19,01:00:00 AM,2.9,4.9,269,2.8,97,
14/12/19,02:00:00 AM,3.1,5,263,2.4,98,
14/12/19,03:00:00 AM,0.8,1.4,293,2.4,98,0
14/12/19,04:00:00 AM,2.4,3.4,285,2.9,98,
14/12/19,05:00:00 AM,2.4,3.2,294,2.5,96,
14/12/19,06:00:00 AM,0,0,,2.8,96,
14/12/19,07:00:00 AM,2.3,3.2,280,3.1,95,0
14/12/19,08:00:00 AM,1.6,2.5,293,2.5,94,27
14/12/19,09:00:00 AM,1,1.3,319,3.9,87,161
14/12/19,10:00:00 AM,0.9,1.2,356,4.7,86,266
14/12/19,11:00:00 AM,0.7,1.3,238,5.3,85,351
14/12/19,12:00:00 PM,0.4,0.7,82,7.4,81,369
14/12/19,01:00:00 PM,1.2,1.8,275,6.1,83,338
14/12/19,02:00:00 PM,0.6,1.1,201,6.5,85,250
14/12/19,03:00:00 PM,1.9,2.7,237,6.7,84,133
14/12/19,04:00:00 PM,1.9,2.3,207,6.4,86,21
14/12/19,05:00:00 PM,1.7,2.1,219,6.4,87,
14/12/19,06:00:00 PM,0.9,1.3,273,6.3,88,
14/12/19,07:00:00 PM,1.1,1.3,244,6.5,88,
14/12/19,08:00:00 PM,2.2,3,258,5.9,93,0
14/12/19,09:00:00 PM,3,3.8,272,5.4,94,
14/12/19,10:00:00 PM,1.7,2.6,325,5.8,93,
14/12/19,11:00:00 PM,4,5.3,5,4.8,91,
15/12/19,12:00:00 AM,4.4,5.4,13,4.2,91,0
15/12/19,01:00:00 AM,4.8,6.1,29,4,90,0
15/12/19,02:00:00 AM,4,4.8,29,4.4,93,
15/12/19,03:00:00 AM,4.2,5.4,14,3.8,89,0
15/12/19,04:00:00 AM,4.2,5.3,11,3.7,87,0
15/12/19,05:00:00 AM,4.8,6.1,15,3.9,87,
15/12/19,06:00:00 AM,3.6,4.8,16,3.8,87,0
15/12/19,07:00:00 AM,4.5,5.8,8,4.2,85,
15/12/19,08:00:00 AM,4,4.8,12,4.5,84,13
15/12/19,09:00:00 AM,4.3,5.5,17,5.3,81,154
15/12/19,10:00:00 AM,3.6,4.6,2,5.3,81,82
15/12/19,11:00:00 AM,2.3,3,348,6.2,80,86
15/12/19,12:00:00 PM,2.9,4,334,7.1,78,72
15/12/19,01:00:00 PM,0.7,1,21,9.2,71,169
15/12/19,02:00:00 PM,2.2,2.9,351,9.2,74,84
15/12/19,03:00:00 PM,0.8,1.1,218,9.5,77,44
15/12/19,04:00:00 PM,2.2,2.8,255,8.4,84,19
15/12/19,05:00:00 PM,2.4,2.9,280,8.3,86,0
15/12/19,06:00:00 PM,1.6,2,290,8.9,84,0
15/12/19,07:00:00 PM,2,2.3,270,8.6,86,0
15/12/19,08:00:00 PM,1.8,2,286,8.4,89,0
15/12/19,09:00:00 PM,1,1.3,260,7.9,90,0
15/12/19,10:00:00 PM,1.8,2.1,271,7.8,91,0
15/12/19,11:00:00 PM,0.2,0.6,242,7.9,86,0
16/12/19,12:00:00 AM,0.8,1.3,280,7.5,89,0
16/12/19,01:00:00 AM,2.3,3.1,247,6.3,95,0
16/12/19,02:00:00 AM,1.3,1.7,355,7.2,94,0
16/12/19,03:00:00 AM,1,1.8,341,7.3,90,0
16/12/19,04:00:00 AM,0.5,1.1,314,7.1,86,0
16/12/19,05:00:00 AM,1.1,1.3,11,7.3,88,0
16/12/19,06:00:00 AM,0.1,0.6,,7.4,87,0
16/12/19,07:00:00 AM,1.3,1.8,24,7.1,88,0
16/12/19,08:00:00 AM,2.1,2.8,26,7,88,10
16/12/19,09:00:00 AM,2.3,3.2,354,7.8,81,40
16/12/19,10:00:00 AM,1.8,2.6,14,8.1,81,72
16/12/19,11:00:00 AM,2.6,3.3,17,8.2,86,120
16/12/19,12:00:00 PM,1.9,2.4,13,9,87,180
16/12/19,01:00:00 PM,1.7,2.4,30,9.5,87,194
16/12/19,02:00:00 PM,1.7,2,22,10.1,86,111
16/12/19,03:00:00 PM,1.6,1.9,20,10.2,87,78
16/12/19,04:00:00 PM,1.1,1.3,19,10.4,87,13
16/12/19,05:00:00 PM,1.5,1.8,23,10.2,89,0
16/12/19,06:00:00 PM,2,2.4,9,10.1,92,0
16/12/19,07:00:00 PM,2.7,3.1,30,10.2,91,0
16/12/19,08:00:00 PM,3.5,4.1,36,10.1,90,0
16/12/19,09:00:00 PM,4,4.7,19,9.8,92,0
16/12/19,10:00:00 PM,4,4.6,14,9.8,89,0
16/12/19,11:00:00 PM,4.5,5.2,22,8.8,92,0
17/12/19,12:00:00 AM,4.3,5,34,9.1,94,0
17/12/19,01:00:00 AM,4.1,4.8,22,9.1,97,0
17/12/19,02:00:00 AM,4,4.3,22,9,97,0
17/12/19,03:00:00 AM,3.8,4.6,27,8.9,97,0
17/12/19,04:00:00 AM,4.4,5,22,9,96,0
17/12/19,05:00:00 AM,4.6,5.7,34,9.1,96,0
17/12/19,06:00:00 AM,4.1,4.8,27,8.8,97,0
17/12/19,07:00:00 AM,4.2,5,24,9,97,0
17/12/19,08:00:00 AM,3.8,4.5,18,9.3,97,3
17/12/19,09:00:00 AM,4.3,5.2,28,9.5,97,20
17/12/19,10:00:00 AM,5.4,6.6,17,10.3,97,49
17/12/19,11:00:00 AM,4.8,5.5,20,10.8,97,60
17/12/19,12:00:00 PM,4.1,4.8,30,10.9,97,94
17/12/19,01:00:00 PM,4,4.7,21,11.4,98,66
17/12/19,02:00:00 PM,2.8,4.3,40,11.8,97,101
17/12/19,03:00:00 PM,4.4,5.5,25,11.7,97,59
17/12/19,04:00:00 PM,4.2,4.9,22,11.7,98,8
17/12/19,05:00:00 PM,2.9,4,42,12.9,98,0
17/12/19,06:00:00 PM,1.5,2.1,20,12.8,96,0
17/12/19,07:00:00 PM,1.6,2.2,28,12.6,96,0
17/12/19,08:00:00 PM,2.1,2.8,19,12.8,97,0
17/12/19,09:00:00 PM,0.9,1.3,32,13.6,96,0
17/12/19,10:00:00 PM,1.2,1.6,352,13.2,97,0
17/12/19,11:00:00 PM,0.8,1.1,72,13.4,98,0
18/12/19,12:00:00 AM,3,3.2,30,12.7,98,0
18/12/19,01:00:00 AM,2.1,2.6,25,12.2,99,1
18/12/19,02:00:00 AM,2.6,3.3,99,13.9,100,
18/12/19,03:00:00 AM,0.7,1.2,353,13.7,98,0
18/12/19,04:00:00 AM,0,0,,13.6,98,0
18/12/19,05:00:00 AM,2.1,3.1,174,13.6,99,0
18/12/19,06:00:00 AM,3.4,3.8,157,13.2,98,0
18/12/19,07:00:00 AM,1.8,2.2,67,13.1,99,0
18/12/19,08:00:00 AM,2.6,3.3,21,12.2,100,11
18/12/19,09:00:00 AM,2.5,3.1,30,11.8,100,63
18/12/19,10:00:00 AM,2.4,2.9,358,12.4,100,101
18/12/19,11:00:00 AM,3.8,5,23,12.3,100,138
18/12/19,12:00:00 PM,4.6,5.6,18,13.1,100,188
18/12/19,01:00:00 PM,2.9,4,39,13.3,100,158
18/12/19,02:00:00 PM,3.8,4.4,32,13.4,100,153
18/12/19,03:00:00 PM,3.6,4,17,12.4,97,68
18/12/19,04:00:00 PM,3.2,4.8,37,12.6,98,14
18/12/19,05:00:00 PM,4.1,4.9,38,12.3,97,0
18/12/19,06:00:00 PM,3.9,5,27,12,100,0
18/12/19,07:00:00 PM,3.7,4.2,24,11.5,100,0
18/12/19,08:00:00 PM,4.1,4.8,16,11.5,100,0
18/12/19,09:00:00 PM,3.7,4.7,18,10.9,100,0
18/12/19,10:00:00 PM,3.3,3.8,14,10.6,100,0
18/12/19,11:00:00 PM,3.6,4.7,14,11.4,100,0
19/12/19,12:00:00 AM,4.9,5.8,20,10.6,100,1
19/12/19,01:00:00 AM,3.7,4.5,15,11.1,100,0
19/12/19,02:00:00 AM,4.4,5.7,33,11.2,100,0
19/12/19,03:00:00 AM,3.1,4,36,11.4,100,0
19/12/19,04:00:00 AM,3.8,5.1,31,11,100,0
19/12/19,05:00:00 AM,4,4.6,25,10.5,100,0
19/12/19,06:00:00 AM,2.2,2.8,70,10.6,100,0
19/12/19,07:00:00 AM,2.9,3.5,112,11.1,100,1
19/12/19,08:00:00 AM,2,3.1,66,11.2,100,5
19/12/19,09:00:00 AM,3.4,4.4,28,10.6,100,42
19/12/19,10:00:00 AM,3.5,4.3,18,10.9,100,71
19/12/19,11:00:00 AM,4.1,5.3,28,11.5,100,90
19/12/19,12:00:00 PM,4.1,4.7,33,11.6,100,63
19/12/19,01:00:00 PM,5,6.4,49,12.1,100,94
19/12/19,02:00:00 PM,5.1,6.5,30,11.9,100,59
19/12/19,03:00:00 PM,4.8,5.9,19,12.1,100,37
19/12/19,04:00:00 PM,4.7,6.1,29,12,100,8
19/12/19,05:00:00 PM,3.6,4.2,31,12.2,100,0
19/12/19,06:00:00 PM,3.3,4.2,31,12.1,100,1
19/12/19,07:00:00 PM,2.9,3.9,125,12.7,100,0
19/12/19,08:00:00 PM,3.6,3.9,157,11.7,100,2
19/12/19,09:00:00 PM,4.6,4.8,172,11.6,100,0
19/12/19,10:00:00 PM,4.3,4.6,159,11.2,100,1
19/12/19,11:00:00 PM,3.1,4.3,201,10.9,100,1
20/12/19,12:00:00 AM,3.3,5.1,213,10.5,100,1
20/12/19,01:00:00 AM,2.1,3.8,225,10.6,100,0
20/12/19,02:00:00 AM,2.3,3.8,232,10.6,100,1
20/12/19,03:00:00 AM,3,5.6,253,10.1,100,1
20/12/19,04:00:00 AM,3.5,4.5,187,10.1,100,1
20/12/19,05:00:00 AM,5.3,5.9,164,9.4,100,1
20/12/19,06:00:00 AM,2.3,3.8,205,9.1,100,1
20/12/19,07:00:00 AM,2.3,2.9,200,8.6,100,1
20/12/19,08:00:00 AM,1.5,2.2,245,8.3,100,8
20/12/19,09:00:00 AM,1.2,1.6,158,8.1,100,72
20/12/19,10:00:00 AM,0.6,1.1,291,8.7,100,73
20/12/19,11:00:00 AM,2.2,2.8,360,8.5,100,129
20/12/19,12:00:00 PM,2.1,2.6,59,9.1,100,36
20/12/19,01:00:00 PM,2.6,3.2,56,9.6,100,101
20/12/19,02:00:00 PM,2.1,2.7,26,9.9,100,35
20/12/19,03:00:00 PM,3.2,3.8,66,10.4,100,37
20/12/19,04:00:00 PM,2,2.5,70,10.6,100,3
20/12/19,05:00:00 PM,2.4,2.9,97,11,100,0
20/12/19,06:00:00 PM,6.9,8,150,12.2,92,0
20/12/19,07:00:00 PM,8.8,10.6,144,12.9,86,0
20/12/19,08:00:00 PM,10.1,12.4,152,12.7,88,0
20/12/19,09:00:00 PM,10.3,12.3,158,13,85,0
20/12/19,10:00:00 PM,9.9,11.5,162,13.2,83,0
20/12/19,11:00:00 PM,12.4,14.2,163,13.5,82,0
21/12/19,12:00:00 AM,12.5,14.2,168,13.3,84,1
21/12/19,01:00:00 AM,11.1,13.1,175,13.1,85,1
21/12/19,02:00:00 AM,9.8,11.4,182,13.2,85,0
21/12/19,03:00:00 AM,2.7,4.7,245,12.9,87,0
21/12/19,04:00:00 AM,2.5,4,225,13.2,86,0
21/12/19,05:00:00 AM,1.7,2.8,212,12.9,89,0
21/12/19,06:00:00 AM,8.9,10.3,170,13.3,89,0
21/12/19,07:00:00 AM,10.8,13.2,164,13,91,0
21/12/19,08:00:00 AM,11.2,13.5,157,12.8,96,0
21/12/19,09:00:00 AM,9.7,12,144,12.8,100,12
21/12/19,10:00:00 AM,7.7,10.4,148,12.9,100,14
21/12/19,11:00:00 AM,13,16.3,170,13.6,97,51
21/12/19,12:00:00 PM,5.9,9.1,238,13.5,95,54
21/12/19,01:00:00 PM,1.3,1.6,326,12.6,97,45
21/12/19,02:00:00 PM,2.5,4,232,11.9,98,54
21/12/19,03:00:00 PM,5.5,9.2,263,11.7,98,46
21/12/19,04:00:00 PM,2.8,4.4,258,11.4,91,22
21/12/19,05:00:00 PM,6.2,10.8,248,10.6,88,0
21/12/19,06:00:00 PM,3.7,6.4,245,10.1,91,0
21/12/19,07:00:00 PM,3.4,5,236,9.8,90,0
21/12/19,08:00:00 PM,2.1,3.7,262,9.4,91,0
21/12/19,09:00:00 PM,2.3,4,222,9.4,96,0
21/12/19,10:00:00 PM,2.8,5.7,228,9.3,95,0
21/12/19,11:00:00 PM,2.6,4.4,219,8.9,97,0
22/12/19,12:00:00 AM,2.6,3.7,201,8.9,98,
22/12/19,01:00:00 AM,2.2,2.8,197,8.9,99,0
22/12/19,02:00:00 AM,1.6,2,35,8.9,99,0
22/12/19,03:00:00 AM,4.1,5.2,23,8.4,100,1
22/12/19,04:00:00 AM,5.8,7.4,32,8.2,100,0
22/12/19,05:00:00 AM,6.1,7.5,32,8.7,100,0
22/12/19,06:00:00 AM,6.3,8.9,36,9.2,100,0
22/12/19,07:00:00 AM,6.6,9.1,27,9.3,100,0
22/12/19,08:00:00 AM,10.2,13.4,20,9.1,100,2
22/12/19,09:00:00 AM,10.5,13.1,12,9.3,100,10
22/12/19,10:00:00 AM,8.4,10.9,336,9,100,52
22/12/19,11:00:00 AM,4,6,343,9.1,88,34
22/12/19,12:00:00 PM,2.8,4.6,280,9.4,85,26
22/12/19,01:00:00 PM,3.1,5.5,265,9.2,94,93
22/12/19,02:00:00 PM,2.7,4.5,249,9.6,89,59
22/12/19,03:00:00 PM,1,1.4,108,9.9,88,47
22/12/19,04:00:00 PM,4.5,4.8,180,10.2,87,33
22/12/19,05:00:00 PM,4.1,5.2,196,10.1,90,0
22/12/19,06:00:00 PM,4,5,197,10,90,0
22/12/19,07:00:00 PM,2.7,3.7,217,9.9,91,0
22/12/19,08:00:00 PM,2.1,3.6,209,9.5,94,0
22/12/19,09:00:00 PM,1.7,3.4,251,9.1,94,0
22/12/19,10:00:00 PM,2.3,3.5,229,8.5,95,0
22/12/19,11:00:00 PM,2.2,2.8,39,8.3,99,0
23/12/19,12:00:00 AM,0.5,0.8,40,8.4,99,0
23/12/19,01:00:00 AM,2.8,5.8,49,9.1,97,0
23/12/19,02:00:00 AM,1.9,3.3,239,8.6,99,0
23/12/19,03:00:00 AM,2,2.6,311,8.7,98,0
23/12/19,04:00:00 AM,2.5,4.1,325,8,90,0
23/12/19,05:00:00 AM,2.4,3.3,355,7.7,93,0
23/12/19,06:00:00 AM,1.5,2.4,307,7.3,94,0
23/12/19,07:00:00 AM,0.5,0.9,138,7.7,94,0
23/12/19,08:00:00 AM,2.4,3.5,252,6.8,97,9
23/12/19,09:00:00 AM,2.1,3,266,7.5,92,96
23/12/19,10:00:00 AM,2.7,3.7,264,8.9,87,282
23/12/19,11:00:00 AM,3,5,276,9.5,80,293
23/12/19,12:00:00 PM,1.5,2.6,265,12.1,66,394
23/12/19,01:00:00 PM,1.3,1.6,129,12.7,68,445
23/12/19,02:00:00 PM,2.5,3.9,250,14.2,55,246
23/12/19,03:00:00 PM,2.9,4.3,287,14.1,50,158
23/12/19,04:00:00 PM,2.8,3.8,2,12,66,41
23/12/19,05:00:00 PM,1.9,2.4,21,10.3,80,0
23/12/19,06:00:00 PM,0.6,0.8,156,9.9,87,
23/12/19,07:00:00 PM,1.5,3.1,343,10.1,82,0
23/12/19,08:00:00 PM,2.3,3.3,339,9.2,88,0
23/12/19,09:00:00 PM,0.7,1.1,353,8.3,95,0
23/12/19,10:00:00 PM,1.7,2.3,315,8.2,94,0
23/12/19,11:00:00 PM,2,2.7,4,7.7,94,0
24/12/19,12:00:00 AM,1.6,2.5,334,9,76,
24/12/19,01:00:00 AM,1.9,4.3,37,7.2,90,0
24/12/19,02:00:00 AM,1.3,1.9,290,7.9,89,
24/12/19,03:00:00 AM,2.8,3.5,98,7.6,86,0
24/12/19,04:00:00 AM,1.3,2.3,9,6.7,95,0
24/12/19,05:00:00 AM,1.1,2.1,23,6.8,96,0
24/12/19,06:00:00 AM,0.9,1.1,160,7.3,99,
24/12/19,07:00:00 AM,1.8,2.4,216,7.8,91,0
24/12/19,08:00:00 AM,0.6,1.4,253,6.2,95,20
24/12/19,09:00:00 AM,1,1.4,111,7.9,86,173
24/12/19,10:00:00 AM,0.7,1.5,245,8.5,84,269
24/12/19,11:00:00 AM,0.9,1.6,319,7.8,85,166
24/12/19,12:00:00 PM,2.9,3.6,30,7.1,90,238
24/12/19,01:00:00 PM,2.1,2.8,36,7.3,93,207
24/12/19,02:00:00 PM,2.1,2.5,30,7.1,92,73
24/12/19,03:00:00 PM,0.2,0.4,228,7.4,93,53
24/12/19,04:00:00 PM,1.1,1.9,278,7.9,92,29
24/12/19,05:00:00 PM,0.8,1,43,7.2,92,0
24/12/19,06:00:00 PM,0.9,1.3,86,7.1,96,0
24/12/19,07:00:00 PM,2.6,3.3,360,7.1,98,
24/12/19,08:00:00 PM,1.8,2.8,350,6.5,99,0
24/12/19,09:00:00 PM,3.6,4.6,11,6.1,100,0
24/12/19,10:00:00 PM,2.2,2.6,256,6,100,0
24/12/19,11:00:00 PM,2.3,3.2,332,5.3,100,1
25/12/19,12:00:00 AM,0.8,1.8,301,5.1,100,0
25/12/19,01:00:00 AM,1.3,1.7,294,5.3,100,0
25/12/19,02:00:00 AM,4,4.8,11,6.1,100,0
25/12/19,03:00:00 AM,1.2,1.9,298,6.3,96,
25/12/19,04:00:00 AM,1.5,2,303,6.3,93,
25/12/19,05:00:00 AM,2,2.7,336,5.2,95,
25/12/19,06:00:00 AM,1.5,2.3,260,4.9,87,
25/12/19,07:00:00 AM,1.9,2.4,270,5.1,92,
25/12/19,08:00:00 AM,0.1,0.4,,5.3,86,11
25/12/19,09:00:00 AM,0.4,0.8,177,7.6,85,142
25/12/19,10:00:00 AM,0.5,1.3,62,8.6,77,257
25/12/19,11:00:00 AM,1,1.5,358,8.9,80,338
25/12/19,12:00:00 PM,3.6,4.7,25,7.5,79,379
25/12/19,01:00:00 PM,1.4,2,23,8.7,78,346
25/12/19,02:00:00 PM,0.4,0.6,27,10.6,72,267
25/12/19,03:00:00 PM,1.4,2.3,47,9.6,78,157
25/12/19,04:00:00 PM,1.7,2.3,259,8.9,82,27
25/12/19,05:00:00 PM,1.2,1.7,291,8,91,0
25/12/19,06:00:00 PM,0.7,1,9,7.8,93,0
25/12/19,07:00:00 PM,0.9,1.4,28,7.5,94,0
25/12/19,08:00:00 PM,1.2,1.5,334,7.7,97,
25/12/19,09:00:00 PM,2,2.7,338,7.4,95,0
25/12/19,10:00:00 PM,1.4,2.5,302,7.1,95,0
25/12/19,11:00:00 PM,2.1,2.5,329,7.6,89,
26/12/19,12:00:00 AM,1.4,2,297,6.9,91,
26/12/19,01:00:00 AM,1.8,2.5,353,7.5,87,
26/12/19,02:00:00 AM,0.5,1.2,167,7.2,94,
26/12/19,03:00:00 AM,3.1,4.2,247,5.7,96,
26/12/19,04:00:00 AM,1.8,2.9,250,5.9,91,
26/12/19,05:00:00 AM,1.6,2.4,287,5.9,90,
26/12/19,06:00:00 AM,2.3,3.1,304,6.3,85,
26/12/19,07:00:00 AM,2.1,2.6,15,5.6,90,
26/12/19,08:00:00 AM,3,4,341,5.4,82,11
26/12/19,09:00:00 AM,3.8,5.2,11,4.8,91,146
26/12/19,10:00:00 AM,3.4,4.1,28,6.4,89,268
26/12/19,11:00:00 AM,2.1,2.9,60,8.9,81,344
26/12/19,12:00:00 PM,1.3,1.9,177,8.5,82,372
26/12/19,01:00:00 PM,1.7,2.1,140,8.7,81,347
26/12/19,02:00:00 PM,1.9,2.3,140,8.6,84,271
26/12/19,03:00:00 PM,1.4,1.8,150,8.7,81,86
26/12/19,04:00:00 PM,0.6,1,162,8.8,81,33
26/12/19,05:00:00 PM,0.6,0.8,335,8.7,70,0
26/12/19,06:00:00 PM,2.2,2.6,357,8.1,83,0
26/12/19,07:00:00 PM,2.5,3,15,8.3,85,0
26/12/19,08:00:00 PM,4,4.8,33,8.5,84,0
26/12/19,09:00:00 PM,3.5,4,20,8.7,84,0
26/12/19,10:00:00 PM,3.7,4.4,29,8.4,87,0
26/12/19,11:00:00 PM,3.9,4.2,21,8.1,88,0
27/12/19,12:00:00 AM,3.4,3.9,24,8.1,87,0
27/12/19,01:00:00 AM,3.6,4.5,25,7.8,89,0
27/12/19,02:00:00 AM,3.9,4.6,22,7.1,91,0
27/12/19,03:00:00 AM,3.1,3.9,22,6.6,92,0
27/12/19,04:00:00 AM,3.8,4.3,14,6,92,0
27/12/19,05:00:00 AM,5.7,6.7,19,5.3,90,0
27/12/19,06:00:00 AM,5.7,6.9,15,5.6,86,0
27/12/19,07:00:00 AM,4.9,5.9,23,6,86,0
27/12/19,08:00:00 AM,5.2,6.2,20,5.6,84,11
27/12/19,09:00:00 AM,5.6,6.8,16,5.7,85,74
27/12/19,10:00:00 AM,5.3,6.4,14,6,82,218
27/12/19,11:00:00 AM,5.5,6.5,18,6.7,81,108
27/12/19,12:00:00 PM,4.3,5,25,8.7,77,375
27/12/19,01:00:00 PM,4,4.7,30,9.1,74,345
27/12/19,02:00:00 PM,4.6,5.5,28,10,74,271
27/12/19,03:00:00 PM,3.2,4.6,41,10.7,73,160
27/12/19,04:00:00 PM,2.3,2.8,27,10.4,77,27
27/12/19,05:00:00 PM,3.7,4.6,19,9.6,80,0
27/12/19,06:00:00 PM,2.7,3.4,20,9.3,80,0
27/12/19,07:00:00 PM,3.2,4.3,17,9.2,80,0
27/12/19,08:00:00 PM,3.8,4.5,19,8.6,86,0
27/12/19,09:00:00 PM,3.7,4.3,23,8.6,84,0
27/12/19,10:00:00 PM,4.4,5.1,19,8.2,82,0
27/12/19,11:00:00 PM,4.1,5.6,26,7.6,84,0
28/12/19,12:00:00 AM,3.8,4.6,36,7.5,84,0
28/12/19,01:00:00 AM,3.3,4.6,42,7.2,88,0
28/12/19,02:00:00 AM,3.6,4.9,47,7.3,81,0
28/12/19,03:00:00 AM,3.5,4.1,30,7.4,82,0
28/12/19,04:00:00 AM,3.3,3.9,32,7.1,83,0
28/12/19,05:00:00 AM,4.1,5.1,25,6.1,86,0
28/12/19,06:00:00 AM,3.4,4.3,7,5.5,84,0
28/12/19,07:00:00 AM,1.7,2.5,354,5.3,81,0
28/12/19,08:00:00 AM,2.8,3.3,11,5.6,78,7
28/12/19,09:00:00 AM,4.6,5.3,20,5.6,76,53
28/12/19,10:00:00 AM,2.8,3.7,34,6.4,78,303
28/12/19,11:00:00 AM,1.8,2.4,35,7.6,76,342
28/12/19,12:00:00 PM,1.3,1.6,72,7.5,69,199
28/12/19,01:00:00 PM,0.9,1.4,106,8,72,191
28/12/19,02:00:00 PM,2.1,2.4,117,8.2,78,294
28/12/19,03:00:00 PM,2.2,3.1,150,8.8,69,154
28/12/19,04:00:00 PM,1.7,2.1,192,8.8,69,28
28/12/19,05:00:00 PM,2.5,3,186,8.2,74,0
28/12/19,06:00:00 PM,2.3,2.8,185,8.1,76,0
28/12/19,07:00:00 PM,2,2.5,210,8,76,0
28/12/19,08:00:00 PM,1.9,2.3,243,7.7,78,0
28/12/19,09:00:00 PM,1.6,2.5,338,6.6,84,0
28/12/19,10:00:00 PM,1.7,2.2,348,6.4,90,0
28/12/19,11:00:00 PM,2.3,2.9,15,6.6,87,
29/12/19,12:00:00 AM,1.8,2.4,90,6.8,79,0
29/12/19,01:00:00 AM,1.3,1.7,11,6.3,88,0
29/12/19,02:00:00 AM,3,3.4,2,3.4,90,0
29/12/19,03:00:00 AM,3.3,3.9,6,2.9,91,0
29/12/19,04:00:00 AM,3.4,4.2,8,2.4,90,0
29/12/19,05:00:00 AM,2.6,3.3,14,2.6,88,0
29/12/19,06:00:00 AM,4.1,5.1,16,2.1,88,0
29/12/19,07:00:00 AM,3.9,4.5,17,2.3,87,0
29/12/19,08:00:00 AM,4.7,5.5,20,2,85,9
29/12/19,09:00:00 AM,4.4,5.2,28,2.4,84,101
29/12/19,10:00:00 AM,5.5,6.4,26,3.4,79,257
29/12/19,11:00:00 AM,5,6,19,3.2,77,338
29/12/19,12:00:00 PM,5,5.9,30,4.3,73,375
29/12/19,01:00:00 PM,4.3,5.3,28,5.1,72,350
29/12/19,02:00:00 PM,3.9,4.5,23,5.4,71,276
29/12/19,03:00:00 PM,2.7,3.4,13,5.8,72,161
29/12/19,04:00:00 PM,2.7,3.3,45,5.6,71,30
29/12/19,05:00:00 PM,3.8,4.6,52,5.1,74,0
29/12/19,06:00:00 PM,4,5,29,4.6,72,0
29/12/19,07:00:00 PM,4.6,5.4,26,4.3,75,0
29/12/19,08:00:00 PM,4.3,5.6,23,3.5,78,0
29/12/19,09:00:00 PM,5.1,6.4,25,3.3,77,0
29/12/19,10:00:00 PM,5.3,6.4,17,2.8,75,0
29/12/19,11:00:00 PM,5.4,6.4,17,2.5,78,0
30/12/19,12:00:00 AM,5.1,6.1,20,2.5,78,0
30/12/19,01:00:00 AM,6,7.8,27,1.9,77,0
30/12/19,02:00:00 AM,5.3,6.4,23,1.9,76,0
30/12/19,03:00:00 AM,5.1,5.9,21,1.7,79,0
30/12/19,04:00:00 AM,4.5,5.8,21,1.1,79,0
30/12/19,05:00:00 AM,5.1,5.9,14,0.6,78,0
30/12/19,06:00:00 AM,4.3,5,12,0.5,78,0
30/12/19,07:00:00 AM,5.4,6.3,17,0.6,77,0
30/12/19,08:00:00 AM,5,5.8,22,0.8,77,11
30/12/19,09:00:00 AM,4.9,5.5,24,1.1,73,143
30/12/19,10:00:00 AM,5,5.9,19,1.5,76,265
30/12/19,11:00:00 AM,3.5,4.2,18,2.6,70,343
30/12/19,12:00:00 PM,3.5,4.5,13,3.7,66,375
30/12/19,01:00:00 PM,3,3.7,10,4.4,60,348
30/12/19,02:00:00 PM,3.6,4.8,0,4.9,60,280
30/12/19,03:00:00 PM,2.6,3.8,355,5.4,58,163
30/12/19,04:00:00 PM,1.8,2.5,337,5.2,59,30
30/12/19,05:00:00 PM,2,2.5,312,4.9,60,0
30/12/19,06:00:00 PM,2.7,4,329,4.7,63,0
30/12/19,07:00:00 PM,2.5,3.4,271,2.9,83,0
30/12/19,08:00:00 PM,2.5,3.3,293,2.8,83,0
30/12/19,09:00:00 PM,3,5,260,1,96,0
30/12/19,10:00:00 PM,1.7,2.6,267,2.2,91,0
30/12/19,11:00:00 PM,2,2.7,265,2.5,88,0
31/12/19,12:00:00 AM,1.7,2.4,276,1.8,93,0
31/12/19,01:00:00 AM,1.7,2.6,310,2.6,93,0
31/12/19,02:00:00 AM,2.4,3.6,305,2.2,95,0
31/12/19,03:00:00 AM,1.8,2.3,290,1.9,97,0
31/12/19,04:00:00 AM,1.2,1.6,245,1.6,94,0
31/12/19,05:00:00 AM,1.7,2.3,268,1.2,96,0
31/12/19,06:00:00 AM,1.8,2.5,246,0.5,98,0
31/12/19,07:00:00 AM,1.1,1.7,263,0.2,100,0
31/12/19,08:00:00 AM,1.2,1.8,256,0.5,100,9
31/12/19,09:00:00 AM,1.1,1.9,231,0.1,100,46
31/12/19,10:00:00 AM,1.5,2.3,213,1.1,100,297
31/12/19,11:00:00 AM,1.6,2.5,268,3.1,92,353
31/12/19,12:00:00 PM,1.7,2.2,215,2.8,86,360
31/12/19,01:00:00 PM,2,3,256,2.9,89,347
31/12/19,02:00:00 PM,2,3,227,2.6,91,198
31/12/19,03:00:00 PM,1.4,1.9,244,3.6,92,155
31/12/19,04:00:00 PM,1.2,1.8,244,4.2,86,42
31/12/19,05:00:00 PM,2,3,253,3.9,90,0
31/12/19,06:00:00 PM,1.3,1.9,270,4.3,89,0
31/12/19,07:00:00 PM,0.8,1.1,314,4.6,87,0
31/12/19,08:00:00 PM,1.3,1.7,313,4.7,84,0
31/12/19,09:00:00 PM,2.4,3.6,323,4.6,80,0
31/12/19,10:00:00 PM,1.8,2.9,300,4.8,79,0
31/12/19,11:00:00 PM,2.3,2.7,283,4.6,79,0
01/01/20,12:00:00 AM,2.1,2.5,320,4.6,78,0
01/01/20,01:00:00 AM,2.2,2.8,11,4.2,82,0
01/01/20,02:00:00 AM,2,2.4,1,4.3,78,
01/01/20,03:00:00 AM,1.4,1.7,337,4,77,0
01/01/20,04:00:00 AM,1.5,2,7,3.3,85,0
01/01/20,05:00:00 AM,1.8,2.2,9,3,82,0
01/01/20,06:00:00 AM,1.3,1.7,355,3.1,81,0
01/01/20,07:00:00 AM,1.4,1.9,311,2.6,81,0
01/01/20,08:00:00 AM,1.5,2.2,330,2.7,78,11
01/01/20,09:00:00 AM,1.7,2.5,358,3.5,73,134
01/01/20,10:00:00 AM,2.2,3.1,39,4.2,75,255
01/01/20,11:00:00 AM,1.7,2.3,28,5.4,75,331
01/01/20,12:00:00 PM,2.7,3.3,19,6.7,70,363
01/01/20,01:00:00 PM,3.1,4.2,34,7.9,65,334
01/01/20,02:00:00 PM,2,2.6,29,8.7,64,260
01/01/20,03:00:00 PM,1.5,1.9,27,9.2,66,157
01/01/20,04:00:00 PM,1.4,1.9,44,9.3,66,33
01/01/20,05:00:00 PM,1.3,1.7,32,8.3,72,0
01/01/20,06:00:00 PM,1.7,2,37,8.1,71,0
01/01/20,07:00:00 PM,1.5,2,302,8.4,71,
01/01/20,08:00:00 PM,2.7,3.3,13,7.2,74,0
01/01/20,09:00:00 PM,2.8,3.3,13,6.9,72,0
01/01/20,10:00:00 PM,2.8,3.6,5,6,74,0
01/01/20,11:00:00 PM,3.4,4.4,1,5.7,75,0
02/01/20,12:00:00 AM,3.2,4.4,343,5.2,75,0
02/01/20,01:00:00 AM,3.2,4.2,2,5,76,0
02/01/20,02:00:00 AM,1.6,2,2,4.4,77,0
02/01/20,03:00:00 AM,1.4,1.8,342,4.5,78,0
02/01/20,04:00:00 AM,1.7,2.3,3,4.6,77,0
02/01/20,05:00:00 AM,1.3,1.9,339,4.6,76,0
02/01/20,06:00:00 AM,1.5,1.8,331,5,74,0
02/01/20,07:00:00 AM,1.8,2.5,309,5,72,0
02/01/20,08:00:00 AM,2,2.4,295,5.6,72,10
02/01/20,09:00:00 AM,1.4,2,278,6.2,75,136
02/01/20,10:00:00 AM,1.5,1.8,269,6.9,70,258
02/01/20,11:00:00 AM,1.8,2.3,262,8.3,62,342
02/01/20,12:00:00 PM,1.4,2.1,265,8.7,70,372
02/01/20,01:00:00 PM,2.4,3.5,266,8.6,67,354
02/01/20,02:00:00 PM,2,3,224,7.8,77,281
02/01/20,03:00:00 PM,1.5,2.3,217,8.2,79,168
02/01/20,04:00:00 PM,1.6,2,225,8.2,84,37
02/01/20,05:00:00 PM,2,2.7,205,7.4,88,0
02/01/20,06:00:00 PM,2.2,3,236,6.6,89,0
02/01/20,07:00:00 PM,2.9,3.7,264,5.9,90,0
02/01/20,08:00:00 PM,1.6,2.1,199,5.7,93,0
02/01/20,09:00:00 PM,1.5,2.1,279,5.3,95,0
02/01/20,10:00:00 PM,2.5,3.7,259,4.9,95,0
02/01/20,11:00:00 PM,1.4,1.7,255,4.1,96,0
03/01/20,12:00:00 AM,1.3,1.5,243,4.2,99,
03/01/20,01:00:00 AM,1,1.5,265,4.1,98,0
03/01/20,02:00:00 AM,0.8,1,193,4.2,99,0
03/01/20,03:00:00 AM,1.2,1.6,253,2.7,100,0
03/01/20,04:00:00 AM,2.2,2.9,239,0.8,100,1
03/01/20,05:00:00 AM,0.5,1.1,182,0.4,100,0
03/01/20,06:00:00 AM,1.6,2.1,327,0.8,100,1
03/01/20,07:00:00 AM,1,1.1,288,0.3,100,0
03/01/20,08:00:00 AM,0.8,1.2,324,0.6,100,7
03/01/20,09:00:00 AM,0.8,1.1,26,0.3,100,33
03/01/20,10:00:00 AM,2.1,2.8,9,1.3,100,134
03/01/20,11:00:00 AM,1.3,1.8,6,2.3,100,160
03/01/20,12:00:00 PM,1.3,1.8,264,3.5,90,251
03/01/20,01:00:00 PM,1.5,1.9,43,5,80,303
03/01/20,02:00:00 PM,1,1.4,40,5.6,82,253
03/01/20,03:00:00 PM,2.6,3.1,45,4.4,91,105
03/01/20,04:00:00 PM,1.9,2.8,51,3.5,100,15
03/01/20,05:00:00 PM,1.6,2.5,280,3.8,100,0
03/01/20,06:00:00 PM,0.4,0.9,80,3.8,100,0
03/01/20,07:00:00 PM,0.4,0.9,327,3.9,100,0
03/01/20,08:00:00 PM,0.5,1,282,3.8,100,0
03/01/20,09:00:00 PM,0.4,0.6,174,3.6,100,0
03/01/20,10:00:00 PM,1.2,1.7,285,4.6,100,0
03/01/20,11:00:00 PM,1.1,1.5,276,5.2,90,0
04/01/20,12:00:00 AM,0.3,0.8,89,4.7,94,
04/01/20,01:00:00 AM,0.2,0.4,333,5,95,0
04/01/20,02:00:00 AM,0.9,1.8,332,4.6,94,
04/01/20,03:00:00 AM,0.4,0.8,262,4.5,84,0
04/01/20,04:00:00 AM,1.7,2.3,345,4.2,88,0
04/01/20,05:00:00 AM,2.1,2.8,2,2.8,92,0
04/01/20,06:00:00 AM,2.1,2.6,350,2.5,98,0
04/01/20,07:00:00 AM,1.7,2.3,355,1.7,98,0
04/01/20,08:00:00 AM,1.4,1.9,18,1.9,99,9
04/01/20,09:00:00 AM,2.6,3.1,324,2.4,90,128
04/01/20,10:00:00 AM,1.7,2.5,346,4.5,80,260
04/01/20,11:00:00 AM,1.3,1.9,321,6.1,71,344
04/01/20,12:00:00 PM,0.3,0.8,156,8.2,72,429
04/01/20,01:00:00 PM,1.4,1.9,271,8.8,66,298
04/01/20,02:00:00 PM,1.1,2.1,275,10,69,303
04/01/20,03:00:00 PM,2.4,3.6,215,9.1,74,217
04/01/20,04:00:00 PM,2,3.1,223,8.1,85,74
04/01/20,05:00:00 PM,1.3,2,237,7.8,83,0
04/01/20,06:00:00 PM,1.4,2.4,233,7.5,85,0
04/01/20,07:00:00 PM,2.5,2.9,252,7.3,88,0
04/01/20,08:00:00 PM,1.7,2,86,6.9,90,
04/01/20,09:00:00 PM,2.2,2.6,146,7,93,
04/01/20,10:00:00 PM,2.8,3.3,30,5.8,92,0
04/01/20,11:00:00 PM,3.5,4.5,22,5.1,93,0
05/01/20,12:00:00 AM,4.4,6,6,3.7,95,0
05/01/20,01:00:00 AM,2,2.6,345,4.8,93,
05/01/20,02:00:00 AM,2.4,3.7,329,4.4,90,
05/01/20,03:00:00 AM,2.5,3,326,5.3,83,
05/01/20,04:00:00 AM,2.1,2.6,334,5.9,79,
05/01/20,05:00:00 AM,1,1.1,356,5.9,76,0
05/01/20,06:00:00 AM,1.5,2.2,303,5.8,69,
05/01/20,07:00:00 AM,1,1.5,311,6.3,71,0
05/01/20,08:00:00 AM,0.5,0.7,343,6.6,66,10
05/01/20,09:00:00 AM,0.3,0.7,201,7.6,67,137
05/01/20,10:00:00 AM,1,1.3,259,7.5,77,266
05/01/20,11:00:00 AM,1.1,1.7,182,8.7,68,352
05/01/20,12:00:00 PM,1,1.3,148,9.5,70,385
05/01/20,01:00:00 PM,4.9,5.8,148,8.7,66,368
05/01/20,02:00:00 PM,4.5,4.9,160,9.6,76,290
05/01/20,03:00:00 PM,8.9,10.3,176,9.1,80,171
05/01/20,04:00:00 PM,8.6,10.5,176,8.8,78,45
05/01/20,05:00:00 PM,8.1,9.4,176,8.7,75,0
05/01/20,06:00:00 PM,7.3,9.3,174,8.7,76,0
05/01/20,07:00:00 PM,5.4,7.3,173,8.8,75,0
05/01/20,08:00:00 PM,1.5,2.2,9,7.6,79,0
05/01/20,09:00:00 PM,2,2.4,4,6.5,86,0
05/01/20,10:00:00 PM,2.2,3,349,6.4,84,0
05/01/20,11:00:00 PM,2,2.8,358,6.1,84,0
06/01/20,12:00:00 AM,1.5,2,9,5.2,88,0
06/01/20,01:00:00 AM,0.7,1.2,36,5.7,85,0
06/01/20,02:00:00 AM,1.6,2,71,5.9,83,0
06/01/20,03:00:00 AM,1,1.3,106,6.4,82,
06/01/20,04:00:00 AM,0.1,0.3,182,6.4,87,0
06/01/20,05:00:00 AM,0.1,0.3,,6,88,0
06/01/20,06:00:00 AM,3.2,4.2,348,3.3,91,1
06/01/20,07:00:00 AM,2.4,3.1,12,3.1,96,0
06/01/20,08:00:00 AM,2.3,2.9,5,3.7,91,6
06/01/20,09:00:00 AM,1.5,2.2,8,4.1,89,49
06/01/20,10:00:00 AM,3,3.8,14,3.5,87,90
06/01/20,11:00:00 AM,3.2,3.8,10,4,82,126
06/01/20,12:00:00 PM,2.8,3.4,17,4.2,78,176
06/01/20,01:00:00 PM,2.3,3.4,349,5.6,75,361
06/01/20,02:00:00 PM,1.5,2,29,6.3,71,281
06/01/20,03:00:00 PM,0.9,1.2,139,6.8,71,168
06/01/20,04:00:00 PM,1.6,2,187,6.8,72,46
06/01/20,05:00:00 PM,1.2,1.5,196,6.4,74,0
06/01/20,06:00:00 PM,0.6,0.7,279,6.1,77,0
06/01/20,07:00:00 PM,1.2,1.4,9,5.4,82,0
06/01/20,08:00:00 PM,0.6,0.7,96,5.1,85,0
06/01/20,09:00:00 PM,1.1,1.3,8,5,88,0
06/01/20,10:00:00 PM,1.1,1.3,12,4.8,86,0
06/01/20,11:00:00 PM,1.8,2.1,11,4.1,86,0
07/01/20,12:00:00 AM,1.3,1.9,14,3.5,79,0
07/01/20,01:00:00 AM,1.8,2.1,12,3.2,79,0
07/01/20,02:00:00 AM,1.6,2,20,2.7,76,0
07/01/20,03:00:00 AM,2.6,3.1,357,2.1,76,0
07/01/20,04:00:00 AM,2.2,2.7,4,1.9,82,0
07/01/20,05:00:00 AM,1.2,1.6,7,2.5,83,0
07/01/20,06:00:00 AM,0.8,1,347,2.4,87,0
07/01/20,07:00:00 AM,0.6,1,143,3.2,85,0
07/01/20,08:00:00 AM,2.5,3.3,254,1.7,91,12
07/01/20,09:00:00 AM,1.9,2.6,247,0.9,94,151
07/01/20,10:00:00 AM,1.3,1.7,312,2.1,88,214
07/01/20,11:00:00 AM,2.3,2.9,6,2.7,80,298
07/01/20,12:00:00 PM,0.9,1.4,171,4.3,75,347
07/01/20,01:00:00 PM,2.5,3.6,266,2.3,87,201
07/01/20,02:00:00 PM,1.8,2.4,216,1.6,94,166
07/01/20,03:00:00 PM,1.7,2.2,235,2.7,95,150
07/01/20,04:00:00 PM,3.3,4.6,269,1.7,97,33
07/01/20,05:00:00 PM,1.7,2.2,268,1,100,0
07/01/20,06:00:00 PM,1.3,1.8,267,1.2,100,0
07/01/20,07:00:00 PM,1.9,2.6,348,2.4,100,0
07/01/20,08:00:00 PM,2.2,2.8,283,2.1,98,0
07/01/20,09:00:00 PM,2.4,3.1,280,2.5,90,0
07/01/20,10:00:00 PM,2,2.7,300,2.9,90,0
07/01/20,11:00:00 PM,1.8,2.3,272,2.8,89,0
08/01/20,12:00:00 AM,2.7,4.7,304,2.3,89,0
08/01/20,01:00:00 AM,3.2,4.1,265,1.4,93,0
08/01/20,02:00:00 AM,2,2.9,280,0.6,95,0
08/01/20,03:00:00 AM,1.7,2.7,260,0.2,97,0
08/01/20,04:00:00 AM,1.7,2.9,264,-0.7,100,0
08/01/20,05:00:00 AM,2.7,3.3,266,-0.8,100,0
08/01/20,06:00:00 AM,2.2,3.1,264,-0.6,99,0
08/01/20,07:00:00 AM,1.8,2.4,274,-0.8,98,0
08/01/20,08:00:00 AM,2.1,2.8,280,-0.5,97,14
08/01/20,09:00:00 AM,1.9,2.4,263,0.5,92,192
08/01/20,10:00:00 AM,1.7,2.2,278,2.6,85,263
08/01/20,11:00:00 AM,1.5,2.8,326,4.3,73,353
08/01/20,12:00:00 PM,1.5,2,13,5.9,58,392
08/01/20,01:00:00 PM,1.3,1.7,212,6.8,62,372
08/01/20,02:00:00 PM,2.2,3.4,230,5.7,84,297
08/01/20,03:00:00 PM,2.3,3.4,259,6.3,83,189
08/01/20,04:00:00 PM,2.6,4,249,6,83,54
08/01/20,05:00:00 PM,2.2,3.6,262,5.2,89,1
08/01/20,06:00:00 PM,2.5,3.4,262,4.6,91,0
08/01/20,07:00:00 PM,2,2.9,271,3.7,95,0
08/01/20,08:00:00 PM,2,3,247,2.4,97,0
08/01/20,09:00:00 PM,2.9,3.6,269,1.8,97,0
08/01/20,10:00:00 PM,2.3,3.7,266,1.6,99,0
08/01/20,11:00:00 PM,3.3,4.4,265,1.3,98,0
09/01/20,12:00:00 AM,1.4,2.5,268,1.5,97,0
09/01/20,01:00:00 AM,2.3,3.2,269,1.5,96,0
09/01/20,02:00:00 AM,2.1,3.1,244,1.9,94,0
09/01/20,03:00:00 AM,1.2,2.1,267,1.6,96,0
09/01/20,04:00:00 AM,1,1.7,263,2.2,92,0
09/01/20,05:00:00 AM,1.3,2.2,262,2,94,0
09/01/20,06:00:00 AM,2.9,4,263,1.8,95,0
09/01/20,07:00:00 AM,1.1,2.1,266,2,95,0
09/01/20,08:00:00 AM,2.4,3.3,268,1.9,95,13
09/01/20,09:00:00 AM,3.1,4.1,264,2.5,93,89
09/01/20,10:00:00 AM,1.8,3,259,3.9,84,267
09/01/20,11:00:00 AM,1.7,2.3,197,5.5,78,345
09/01/20,12:00:00 PM,1.8,3.2,221,5,84,392
09/01/20,01:00:00 PM,2,2.7,204,5.7,84,371
09/01/20,02:00:00 PM,1.7,2.8,227,6.1,85,292
09/01/20,03:00:00 PM,2.8,3.7,210,6,82,185
09/01/20,04:00:00 PM,2.2,3.3,229,5.9,84,58
09/01/20,05:00:00 PM,2.3,3.2,215,5.1,88,1
09/01/20,06:00:00 PM,2.3,3.4,245,3.7,93,0
09/01/20,07:00:00 PM,2,2.6,250,3.1,97,0
09/01/20,08:00:00 PM,2.1,2.7,249,2.9,97,0
09/01/20,09:00:00 PM,1.6,2.4,260,2.7,98,0
09/01/20,10:00:00 PM,1.6,1.9,259,2.9,99,
09/01/20,11:00:00 PM,0.9,1.2,237,2.6,100,0
10/01/20,12:00:00 AM,1.7,2.6,270,1.9,100,0
10/01/20,01:00:00 AM,1.9,2.6,272,2.3,100,
10/01/20,02:00:00 AM,1.3,1.7,248,1.2,100,0
10/01/20,03:00:00 AM,1.3,1.7,320,2.1,100,0
10/01/20,04:00:00 AM,1.4,1.8,353,2,100,0
10/01/20,05:00:00 AM,1.5,1.9,360,1,100,0
10/01/20,06:00:00 AM,1.2,1.6,1,0.1,100,0
10/01/20,07:00:00 AM,1,1.5,347,-0.8,100,0
10/01/20,08:00:00 AM,2.5,3.1,6,-0.2,100,8
10/01/20,09:00:00 AM,1.3,1.8,49,0.8,100,61
10/01/20,10:00:00 AM,0.4,0.6,83,2.5,100,159
10/01/20,11:00:00 AM,0.3,0.6,160,3.1,100,182
10/01/20,12:00:00 PM,0.3,0.8,39,3.8,100,149
10/01/20,01:00:00 PM,0.5,0.9,32,5.5,100,353
10/01/20,02:00:00 PM,0.8,1.2,185,5.6,94,286
10/01/20,03:00:00 PM,0.4,0.6,192,5.9,92,171
10/01/20,04:00:00 PM,0.2,0.6,221,5.9,92,54
10/01/20,05:00:00 PM,1.3,1.6,216,3.6,100,1
10/01/20,06:00:00 PM,0.8,1.3,244,3.8,100,0
10/01/20,07:00:00 PM,0.7,1,255,3.6,100,0
10/01/20,08:00:00 PM,1.6,2,264,3.1,100,0
10/01/20,09:00:00 PM,1.8,2.7,267,4.2,100,0
10/01/20,10:00:00 PM,1.4,2,326,4.9,100,0
10/01/20,11:00:00 PM,2.2,3.3,333,5.1,89,0
11/01/20,12:00:00 AM,1.8,2.6,338,4.8,89,0
11/01/20,01:00:00 AM,2,2.8,350,4.1,91,0
11/01/20,02:00:00 AM,1.6,2.3,4,3.7,92,0
11/01/20,03:00:00 AM,1.7,2.4,341,3.6,90,0
11/01/20,04:00:00 AM,2.6,3.6,338,3,92,0
11/01/20,05:00:00 AM,3,3.5,1,3.5,89,0
11/01/20,06:00:00 AM,1.2,1.6,349,3.2,89,0
11/01/20,07:00:00 AM,0.7,1,337,4,88,
11/01/20,08:00:00 AM,0.9,1.2,319,4,86,10
11/01/20,09:00:00 AM,2.5,3.5,339,4.1,80,134
11/01/20,10:00:00 AM,2.6,4.3,345,5.2,75,265
11/01/20,11:00:00 AM,0.9,1.3,312,7.6,68,352
11/01/20,12:00:00 PM,2.6,3.5,309,8.9,65,397
11/01/20,01:00:00 PM,2.7,3.7,315,10.6,60,378
11/01/20,02:00:00 PM,1.8,3,336,12.2,54,304
11/01/20,03:00:00 PM,3,3.5,7,13,51,196
11/01/20,04:00:00 PM,2,2.5,347,13.1,53,64
11/01/20,05:00:00 PM,2.9,3.6,351,12.2,55,0
11/01/20,06:00:00 PM,3.9,4.9,339,11.3,58,0
11/01/20,07:00:00 PM,4.5,6,22,11,57,0
11/01/20,08:00:00 PM,3.5,4.4,60,10.1,65,0
11/01/20,09:00:00 PM,3.4,4.4,55,9,72,0
11/01/20,10:00:00 PM,3.5,4.2,43,7.6,78,0
11/01/20,11:00:00 PM,4.4,5.3,32,6.9,82,0
12/01/20,12:00:00 AM,4.5,5.7,29,6.5,81,0
